valuation_date,investor_id,fund_id,currency_code,holding_units,nav_price,market_value
2026-01-01,1,1,USD,835.23893,55.1731,46082.72
2026-01-01,1,2,USD,32.178356,125.4681,4037.36
2026-01-01,1,3,USD,174.185029,68.0273,11849.34
2026-01-01,2,1,USD,1010.507652,215.9654,218234.69
2026-01-01,2,2,USD,646.299042,30.6625,19817.14
2026-01-01,2,3,USD,923.665376,45.5598,42082.01
2026-01-01,3,1,USD,506.25507,37.9501,19212.43
2026-01-01,3,2,USD,1082.898404,187.3075,202834.99
2026-01-01,3,3,USD,534.319138,126.4112,67543.92
2026-01-01,4,1,USD,23.553334,117.8839,2776.56
2026-01-01,4,2,USD,291.155579,80.7595,23513.58
2026-01-01,4,3,USD,995.340915,104.016,103531.38
2026-01-01,5,1,USD,400.620067,34.6392,13877.16
2026-01-01,5,2,USD,1017.155436,113.6291,115578.46
2026-01-01,5,3,USD,498.823087,128.9688,64332.61
2026-01-01,6,1,USD,694.393521,185.4589,128781.46
2026-01-01,6,2,USD,1198.831641,18.8841,22638.86
2026-01-01,6,3,USD,479.616447,133.2054,63887.5
2026-01-01,7,1,USD,869.537022,234.4674,203878.08
2026-01-01,7,2,USD,1086.087771,218.2322,237019.32
2026-01-01,7,3,USD,278.286943,24.5691,6837.26
2026-01-01,8,1,USD,22.823591,148.3368,3385.58
2026-01-01,8,2,USD,663.906822,74.2837,49317.46
2026-01-01,8,3,USD,777.960343,223.3937,173791.44
2026-01-01,9,1,USD,140.328889,159.4472,22375.05
2026-01-01,9,2,USD,775.415775,117.5981,91187.42
2026-01-01,9,3,USD,523.476005,48.72,25503.75
2026-01-01,10,1,USD,871.450962,122.6177,106855.31
2026-01-01,10,2,USD,525.732826,131.8326,69308.73
2026-01-01,10,3,USD,705.190452,174.3938,122980.84
2026-01-01,11,1,USD,1106.082716,214.8289,237618.53
2026-01-01,11,2,USD,858.238995,122.4321,105076.0
2026-01-01,11,3,USD,1059.808072,183.5188,194494.71
2026-01-01,12,1,USD,468.44548,110.0467,51550.88
2026-01-01,12,2,USD,1129.436389,166.6,188164.1
2026-01-01,12,3,USD,432.306681,123.358,53328.49
2026-01-01,13,1,USD,1165.129967,48.8862,56958.78
2026-01-01,13,2,USD,248.650309,175.7674,43704.62
2026-01-01,13,3,USD,103.430277,125.8935,13021.2
2026-01-01,14,1,USD,207.949324,47.5154,9880.8
2026-01-01,14,2,USD,590.622882,200.4358,118381.97
2026-01-01,14,3,USD,1131.665638,128.494,145412.24
2026-01-01,15,1,USD,281.662687,143.6393,40457.83
2026-01-01,15,2,USD,1199.113467,96.1088,115245.36
2026-01-01,15,3,USD,312.96961,172.4627,53975.58
2026-01-01,16,1,USD,209.657754,216.2708,45342.85
2026-01-01,16,2,USD,604.17468,203.6357,123031.53
2026-01-01,16,3,USD,405.281706,37.3526,15138.33
2026-01-01,17,1,USD,272.028307,144.8755,39410.24
2026-01-01,17,2,USD,583.638357,248.4791,145021.93
2026-01-01,17,3,USD,941.862965,194.6497,183333.34
2026-01-01,18,1,USD,924.113872,143.6854,132781.67
2026-01-01,18,2,USD,1075.581239,214.818,231054.21
2026-01-01,18,3,USD,1048.43481,155.0295,162538.32
2026-01-01,19,1,USD,124.970428,22.1013,2762.01
2026-01-01,19,2,USD,1135.521273,201.7569,229099.25
2026-01-01,19,3,USD,1155.176531,191.3834,221081.61
2026-01-01,20,1,USD,1169.591708,197.5966,231107.34
2026-01-01,20,2,USD,731.587018,216.013,158032.31
2026-01-01,20,3,USD,122.241647,144.9935,17724.24
2026-01-01,21,1,USD,608.766873,50.0911,30493.8
2026-01-01,21,2,USD,141.671221,59.2927,8400.07
2026-01-01,21,3,USD,433.966122,184.8038,80198.59
2026-01-01,22,1,USD,849.796034,192.8715,163901.44
2026-01-01,22,2,USD,598.069201,218.9183,130928.29
2026-01-01,22,3,USD,185.154879,97.2969,18015.0
2026-01-01,23,1,USD,982.992939,39.516,38843.95
2026-01-01,23,2,USD,242.268396,242.7128,58801.64
2026-01-01,23,3,USD,923.06316,11.581,10689.99
2026-01-01,24,1,USD,1001.776044,123.6792,123898.86
2026-01-01,24,2,USD,344.10996,51.1028,17584.98
2026-01-01,24,3,USD,319.218755,181.6479,57985.42
2026-01-01,25,1,USD,498.010329,161.0657,80212.38
2026-01-01,25,2,USD,294.541536,190.7695,56189.54
2026-01-01,25,3,USD,635.580329,198.9318,126437.14
2026-01-01,26,1,USD,165.593199,112.9175,18698.37
2026-01-01,26,2,USD,1101.624069,225.5357,248455.56
2026-01-01,26,3,USD,1142.208649,133.8773,152915.81
2026-01-01,27,1,USD,818.638367,236.4977,193606.09
2026-01-01,27,2,USD,531.094427,194.8364,103476.53
2026-01-01,27,3,USD,861.150883,134.1637,115535.19
2026-01-01,28,1,USD,83.497427,91.1929,7614.37
2026-01-01,28,2,USD,481.981042,195.3694,94164.35
2026-01-01,28,3,USD,520.886735,104.3839,54372.19
2026-01-01,29,1,USD,44.51248,231.4045,10300.39
2026-01-01,29,2,USD,181.14252,147.8937,26789.84
2026-01-01,29,3,USD,1173.279571,245.2113,287701.41
2026-01-01,30,1,USD,958.884919,220.1952,211141.86
2026-01-01,30,2,USD,1167.193377,110.6333,129130.46
2026-01-01,30,3,USD,1062.93942,178.1897,189404.86
2026-01-01,31,1,USD,1048.255637,183.1723,192011.4
2026-01-01,31,2,USD,376.434284,92.5978,34856.99
2026-01-01,31,3,USD,992.404267,226.05,224332.98
2026-01-01,32,1,USD,732.481276,45.2468,33142.43
2026-01-01,32,2,USD,484.725688,164.531,79752.4
2026-01-01,32,3,USD,1065.09571,159.8463,170251.61
2026-01-01,33,1,USD,741.824955,116.1145,86136.63
2026-01-01,33,2,USD,414.300736,204.8395,84865.16
2026-01-01,33,3,USD,778.508408,196.0961,152662.46
2026-01-01,34,1,USD,1057.169619,30.2274,31955.49
2026-01-01,34,2,USD,644.920191,103.5984,66812.7
2026-01-01,34,3,USD,862.656648,221.1701,190793.86
2026-01-01,35,1,USD,624.563643,139.7897,87307.56
2026-01-01,35,2,USD,256.481419,132.8012,34061.04
2026-01-01,35,3,USD,374.702896,91.7701,34386.52
2026-01-01,36,1,USD,762.822606,15.6212,11916.2
2026-01-01,36,2,USD,1068.383206,139.5838,149128.99
2026-01-01,36,3,USD,310.428216,209.735,65107.66
2026-01-01,37,1,USD,364.730508,111.459,40652.5
2026-01-01,37,2,USD,606.329505,185.6767,112581.26
2026-01-01,37,3,USD,1009.900129,72.3415,73057.69
2026-01-01,38,1,USD,608.999253,39.7151,24186.47
2026-01-01,38,2,USD,907.871932,235.9223,214187.23
2026-01-01,38,3,USD,538.484263,147.3845,79364.23
2026-01-01,39,1,USD,6.256078,91.3553,571.53
2026-01-01,39,2,USD,283.316792,188.9819,53541.75
2026-01-01,39,3,USD,697.912588,181.5153,126681.81
2026-01-01,40,1,USD,1125.047311,169.7249,190948.54
2026-01-01,40,2,USD,1013.394924,66.1211,67006.79
2026-01-01,40,3,USD,359.041932,170.0614,61059.17
2026-01-01,41,1,USD,978.095079,147.4638,144233.62
2026-01-01,41,2,USD,167.965791,100.6398,16904.04
2026-01-01,41,3,USD,885.014787,35.2545,31200.75
2026-01-01,42,1,USD,619.74219,56.2133,34837.75
2026-01-01,42,2,USD,934.259412,119.0343,111208.92
2026-01-01,42,3,USD,175.863904,112.1661,19725.97
2026-01-01,43,1,USD,494.463543,32.1397,15891.91
2026-01-01,43,2,USD,509.864079,41.2152,21014.15
2026-01-01,43,3,USD,257.741282,28.7374,7406.81
2026-01-01,44,1,USD,812.186931,106.6609,86628.59
2026-01-01,44,2,USD,670.762141,196.9179,132085.07
2026-01-01,44,3,USD,1046.417751,150.2329,157206.37
2026-01-01,45,1,USD,763.753379,249.1628,190298.93
2026-01-01,45,2,USD,826.821434,237.4768,196350.91
2026-01-01,45,3,USD,878.060353,110.0614,96640.55
2026-01-01,46,1,USD,195.411329,131.3886,25674.82
2026-01-01,46,2,USD,581.717283,119.8511,69719.46
2026-01-01,46,3,USD,1161.638168,133.1645,154688.97
2026-01-01,47,1,USD,634.969328,176.673,112181.94
2026-01-01,47,2,USD,546.518849,17.8258,9742.14
2026-01-01,47,3,USD,188.207638,144.1664,27133.22
2026-01-01,48,1,USD,1106.036827,38.5039,42586.73
2026-01-01,48,2,USD,1022.781358,36.4807,37311.78
2026-01-01,48,3,USD,443.503158,79.5017,35259.26
2026-01-01,49,1,USD,627.332999,38.2581,24000.57
2026-01-01,49,2,USD,365.909511,99.8703,36543.49
2026-01-01,49,3,USD,352.777554,16.7147,5896.57
2026-01-01,50,1,USD,171.44327,198.1102,33964.66
2026-01-01,50,2,USD,506.108362,234.837,118852.97
2026-01-01,50,3,USD,366.196757,78.0358,28576.46
2026-01-08,1,1,USD,219.692559,187.5185,41196.42
2026-01-08,1,2,USD,2.502904,141.409,353.93
2026-01-08,1,3,USD,81.077446,20.7238,1680.23
2026-01-08,2,1,USD,577.411719,84.3285,48692.26
2026-01-08,2,2,USD,542.849313,91.0776,49441.41
2026-01-08,2,3,USD,452.766756,210.2704,95203.45
2026-01-08,3,1,USD,1000.420159,41.8743,41891.89
2026-01-08,3,2,USD,166.226743,162.7505,27053.49
2026-01-08,3,3,USD,914.014537,170.133,155504.04
2026-01-08,4,1,USD,178.779109,184.6874,33018.25
2026-01-08,4,2,USD,107.177977,159.9449,17142.57
2026-01-08,4,3,USD,748.307369,102.9364,77028.07
2026-01-08,5,1,USD,1080.293301,91.3595,98695.06
2026-01-08,5,2,USD,54.983657,170.9065,9397.06
2026-01-08,5,3,USD,531.715444,76.57,40713.45
2026-01-08,6,1,USD,106.23587,49.7475,5284.97
2026-01-08,6,2,USD,29.764908,161.2262,4798.88
2026-01-08,6,3,USD,925.914169,84.1235,77891.14
2026-01-08,7,1,USD,774.191613,164.5394,127385.02
2026-01-08,7,2,USD,102.182438,239.2404,24446.17
2026-01-08,7,3,USD,650.201195,191.8276,124726.53
2026-01-08,8,1,USD,1148.751368,135.2209,155335.19
2026-01-08,8,2,USD,900.670288,130.6333,117657.53
2026-01-08,8,3,USD,22.396884,167.9811,3762.25
2026-01-08,9,1,USD,638.231324,240.9704,153794.86
2026-01-08,9,2,USD,329.955034,59.3932,19597.09
2026-01-08,9,3,USD,995.628661,211.3402,210416.36
2026-01-08,10,1,USD,695.463301,30.3155,21083.32
2026-01-08,10,2,USD,640.25264,86.9035,55640.2
2026-01-08,10,3,USD,706.671632,127.9535,90421.11
2026-01-08,11,1,USD,1120.61854,91.5896,102637.0
2026-01-08,11,2,USD,216.609607,15.7737,3416.73
2026-01-08,11,3,USD,633.482107,101.6826,64414.11
2026-01-08,12,1,USD,109.230102,245.1487,26777.62
2026-01-08,12,2,USD,650.135128,78.4844,51025.47
2026-01-08,12,3,USD,219.202711,194.3931,42611.49
2026-01-08,13,1,USD,185.072845,238.5195,44143.48
2026-01-08,13,2,USD,814.330281,24.1393,19657.36
2026-01-08,13,3,USD,1153.348002,53.5499,61761.67
2026-01-08,14,1,USD,855.960748,81.5258,69782.88
2026-01-08,14,2,USD,118.493059,44.1905,5236.27
2026-01-08,14,3,USD,1071.613225,71.9042,77053.49
2026-01-08,15,1,USD,1129.893018,225.8804,255220.69
2026-01-08,15,2,USD,62.253742,67.5095,4202.72
2026-01-08,15,3,USD,716.405543,66.7579,47825.73
2026-01-08,16,1,USD,610.345528,131.0611,79992.56
2026-01-08,16,2,USD,1139.228467,74.629,85019.48
2026-01-08,16,3,USD,382.003735,142.7491,54530.69
2026-01-08,17,1,USD,78.549854,16.9375,1330.44
2026-01-08,17,2,USD,760.249554,229.2964,174322.49
2026-01-08,17,3,USD,22.347399,142.9781,3195.19
2026-01-08,18,1,USD,703.407237,34.3623,24170.69
2026-01-08,18,2,USD,915.573957,166.3722,152326.05
2026-01-08,18,3,USD,150.685611,146.379,22057.21
2026-01-08,19,1,USD,535.178707,213.1067,114050.17
2026-01-08,19,2,USD,600.518848,197.8916,118837.64
2026-01-08,19,3,USD,170.840437,139.7055,23867.35
2026-01-08,20,1,USD,201.825998,68.8388,13893.46
2026-01-08,20,2,USD,1143.135152,240.7245,275180.64
2026-01-08,20,3,USD,666.182698,20.0301,13343.71
2026-01-08,21,1,USD,975.172461,240.6675,234692.32
2026-01-08,21,2,USD,744.875902,166.7341,124196.21
2026-01-08,21,3,USD,200.858009,24.442,4909.37
2026-01-08,22,1,USD,1106.172855,75.5927,83618.59
2026-01-08,22,2,USD,301.066749,173.1995,52144.61
2026-01-08,22,3,USD,1199.090243,212.1853,254429.32
2026-01-08,23,1,USD,255.304962,211.7642,54064.45
2026-01-08,23,2,USD,337.573547,48.7399,16453.3
2026-01-08,23,3,USD,640.907144,26.7845,17166.38
2026-01-08,24,1,USD,107.658125,177.623,19122.56
2026-01-08,24,2,USD,996.597729,184.0177,183391.62
2026-01-08,24,3,USD,1198.585504,220.787,264632.1
2026-01-08,25,1,USD,253.020212,131.1569,33185.35
2026-01-08,25,2,USD,962.467864,222.1436,213806.08
2026-01-08,25,3,USD,1134.490159,162.4408,184287.49
2026-01-08,26,1,USD,1175.568417,179.861,211438.91
2026-01-08,26,2,USD,327.615767,168.9465,55349.54
2026-01-08,26,3,USD,385.965902,60.5497,23370.12
2026-01-08,27,1,USD,1150.791215,88.8297,102224.44
2026-01-08,27,2,USD,1096.82189,42.0942,46169.84
2026-01-08,27,3,USD,1106.709337,156.1088,172767.07
2026-01-08,28,1,USD,5.135097,12.2989,63.16
2026-01-08,28,2,USD,208.243225,143.3898,29859.95
2026-01-08,28,3,USD,835.787931,127.3544,106441.27
2026-01-08,29,1,USD,471.349298,29.4757,13893.35
2026-01-08,29,2,USD,1052.06435,166.304,174962.51
2026-01-08,29,3,USD,646.379194,224.2173,144929.4
2026-01-08,30,1,USD,979.267919,116.8424,114420.01
2026-01-08,30,2,USD,148.09871,243.2894,36030.85
2026-01-08,30,3,USD,451.651739,154.3146,69696.46
2026-01-08,31,1,USD,464.101242,211.395,98108.68
2026-01-08,31,2,USD,974.24365,246.1109,239771.98
2026-01-08,31,3,USD,149.716638,98.9154,14809.28
2026-01-08,32,1,USD,231.589029,12.2472,2836.32
2026-01-08,32,2,USD,891.773334,192.021,171239.21
2026-01-08,32,3,USD,816.665223,180.2075,147169.2
2026-01-08,33,1,USD,229.814012,205.9074,47320.41
2026-01-08,33,2,USD,750.28387,204.0195,153072.54
2026-01-08,33,3,USD,265.377217,245.2286,65078.08
2026-01-08,34,1,USD,1160.755807,18.8311,21858.31
2026-01-08,34,2,USD,591.40545,178.9714,105844.66
2026-01-08,34,3,USD,727.232357,11.7125,8517.71
2026-01-08,35,1,USD,1181.116246,163.2247,192787.34
2026-01-08,35,2,USD,133.135833,76.5634,10193.33
2026-01-08,35,3,USD,600.390767,50.9145,30568.6
2026-01-08,36,1,USD,232.524309,187.3156,43555.43
2026-01-08,36,2,USD,806.610656,154.7134,124793.48
2026-01-08,36,3,USD,210.634608,151.1595,31839.42
2026-01-08,37,1,USD,895.168126,40.5834,36328.97
2026-01-08,37,2,USD,1120.276081,215.315,241212.24
2026-01-08,37,3,USD,1057.203712,184.9357,195514.71
2026-01-08,38,1,USD,329.193567,213.4401,70263.11
2026-01-08,38,2,USD,27.741006,242.7546,6734.26
2026-01-08,38,3,USD,813.281353,157.4696,128067.09
2026-01-08,39,1,USD,816.816424,221.9445,181287.91
2026-01-08,39,2,USD,2.345958,112.5075,263.94
2026-01-08,39,3,USD,807.719743,166.0072,134087.29
2026-01-08,40,1,USD,1024.631774,87.5198,89675.57
2026-01-08,40,2,USD,1013.209864,107.6502,109072.24
2026-01-08,40,3,USD,146.061236,134.3909,19629.3
2026-01-08,41,1,USD,594.689659,134.1417,79772.68
2026-01-08,41,2,USD,52.15761,183.0929,9549.69
2026-01-08,41,3,USD,56.357577,230.414,12985.57
2026-01-08,42,1,USD,638.892339,85.8981,54879.64
2026-01-08,42,2,USD,470.230662,90.3294,42475.65
2026-01-08,42,3,USD,1056.118151,203.8415,215280.71
2026-01-08,43,1,USD,1188.317574,64.1507,76231.4
2026-01-08,43,2,USD,827.458758,239.8662,198479.39
2026-01-08,43,3,USD,1100.394266,57.2504,62998.01
2026-01-08,44,1,USD,395.06956,25.0826,9909.37
2026-01-08,44,2,USD,750.353641,16.6895,12523.03
2026-01-08,44,3,USD,518.338732,15.7656,8171.92
2026-01-08,45,1,USD,956.665086,234.4146,224256.26
2026-01-08,45,2,USD,1008.6091,69.3169,69913.66
2026-01-08,45,3,USD,568.29183,240.1126,136454.03
2026-01-08,46,1,USD,999.021015,207.1921,206989.26
2026-01-08,46,2,USD,623.610054,66.8185,41668.69
2026-01-08,46,3,USD,87.493003,153.9915,13473.18
2026-01-08,47,1,USD,526.235379,32.961,17345.24
2026-01-08,47,2,USD,535.747429,39.9583,21407.56
2026-01-08,47,3,USD,1169.430695,230.0115,268982.51
2026-01-08,48,1,USD,452.87416,223.6201,101271.76
2026-01-08,48,2,USD,832.0364,197.8351,164606.0
2026-01-08,48,3,USD,74.40268,202.5729,15071.97
2026-01-08,49,1,USD,65.746596,156.5773,10294.42
2026-01-08,49,2,USD,518.206788,34.4386,17846.32
2026-01-08,49,3,USD,66.947951,22.5288,1508.26
2026-01-08,50,1,USD,1019.915176,106.4039,108522.95
2026-01-08,50,2,USD,740.762372,108.6659,80495.61
2026-01-08,50,3,USD,1037.499293,198.994,206456.13
2026-01-15,1,1,USD,748.809788,118.8187,88972.61
2026-01-15,1,2,USD,557.050912,112.7454,62804.93
2026-01-15,1,3,USD,744.252845,34.3067,25532.86
2026-01-15,2,1,USD,781.105711,172.1863,134495.7
2026-01-15,2,2,USD,31.166495,134.1311,4180.4
2026-01-15,2,3,USD,705.376028,35.9216,25338.24
2026-01-15,3,1,USD,14.746299,181.1919,2671.91
2026-01-15,3,2,USD,711.463798,211.7871,150678.85
2026-01-15,3,3,USD,1085.24399,40.2356,43665.44
2026-01-15,4,1,USD,610.677608,95.2939,58193.85
2026-01-15,4,2,USD,577.679164,159.0042,91853.41
2026-01-15,4,3,USD,223.108088,43.0414,9602.88
2026-01-15,5,1,USD,52.884946,40.6434,2149.42
2026-01-15,5,2,USD,701.426754,133.1502,93395.11
2026-01-15,5,3,USD,782.045976,95.8585,74965.75
2026-01-15,6,1,USD,700.399106,139.8745,97967.97
2026-01-15,6,2,USD,174.74962,122.6857,21439.28
2026-01-15,6,3,USD,723.995388,79.8553,57814.87
2026-01-15,7,1,USD,1164.32527,134.2433,156302.87
2026-01-15,7,2,USD,789.212167,44.7041,35281.02
2026-01-15,7,3,USD,284.864827,206.6041,58854.24
2026-01-15,8,1,USD,671.339901,23.1057,15511.78
2026-01-15,8,2,USD,412.579324,244.3626,100818.96
2026-01-15,8,3,USD,768.665751,58.3027,44815.29
2026-01-15,9,1,USD,82.084531,55.4453,4551.2
2026-01-15,9,2,USD,570.870072,176.0418,100497.0
2026-01-15,9,3,USD,560.882866,176.1793,98815.95
2026-01-15,10,1,USD,1022.410419,145.8633,149132.16
2026-01-15,10,2,USD,402.792581,81.9116,32993.38
2026-01-15,10,3,USD,394.342859,35.1635,13866.48
2026-01-15,11,1,USD,1051.326574,228.5303,240259.98
2026-01-15,11,2,USD,595.116808,230.7889,137346.35
2026-01-15,11,3,USD,766.52046,176.3729,135193.44
2026-01-15,12,1,USD,559.844109,61.1532,34236.26
2026-01-15,12,2,USD,576.895449,194.4036,112150.55
2026-01-15,12,3,USD,977.583203,203.7451,199177.79
2026-01-15,13,1,USD,451.094164,106.075,47849.81
2026-01-15,13,2,USD,991.301188,11.6141,11513.07
2026-01-15,13,3,USD,11.87051,95.8928,1138.3
2026-01-15,14,1,USD,665.629927,44.1765,29405.2
2026-01-15,14,2,USD,528.489743,161.5203,85361.82
2026-01-15,14,3,USD,1095.250518,96.3782,105558.27
2026-01-15,15,1,USD,1170.37113,57.7895,67635.16
2026-01-15,15,2,USD,340.921061,62.5468,21323.52
2026-01-15,15,3,USD,314.398623,51.8283,16294.75
2026-01-15,16,1,USD,1017.041021,69.0314,70207.77
2026-01-15,16,2,USD,235.185072,52.2586,12290.44
2026-01-15,16,3,USD,314.146327,34.2857,10770.73
2026-01-15,17,1,USD,997.734884,42.9384,42841.14
2026-01-15,17,2,USD,785.843037,222.4028,174773.69
2026-01-15,17,3,USD,406.059935,60.457,24549.17
2026-01-15,18,1,USD,547.444414,98.7138,54040.32
2026-01-15,18,2,USD,446.82031,51.1264,22844.31
2026-01-15,18,3,USD,632.312089,201.7655,127578.76
2026-01-15,19,1,USD,747.84454,114.0923,85323.3
2026-01-15,19,2,USD,853.130571,38.4384,32792.97
2026-01-15,19,3,USD,1059.267747,41.3907,43843.83
2026-01-15,20,1,USD,227.569352,137.8131,31362.04
2026-01-15,20,2,USD,833.224675,86.3084,71914.29
2026-01-15,20,3,USD,515.448198,162.6743,83850.17
2026-01-15,21,1,USD,1105.216313,193.1398,213461.26
2026-01-15,21,2,USD,704.791047,215.0645,151575.53
2026-01-15,21,3,USD,353.019295,45.6561,16117.48
2026-01-15,22,1,USD,296.605978,161.0702,47774.38
2026-01-15,22,2,USD,336.087968,40.35,13561.15
2026-01-15,22,3,USD,609.923377,150.1797,91598.11
2026-01-15,23,1,USD,586.788763,184.5517,108292.86
2026-01-15,23,2,USD,941.598268,199.8393,188168.34
2026-01-15,23,3,USD,737.863738,50.184,37028.95
2026-01-15,24,1,USD,465.739013,221.7813,103292.2
2026-01-15,24,2,USD,901.363523,99.8239,89977.62
2026-01-15,24,3,USD,622.670839,52.9596,32976.4
2026-01-15,25,1,USD,854.984248,136.1142,116375.5
2026-01-15,25,2,USD,579.956466,239.3805,138830.27
2026-01-15,25,3,USD,568.509787,149.4848,84983.57
2026-01-15,26,1,USD,765.726721,199.7499,152953.84
2026-01-15,26,2,USD,779.684714,59.7279,46568.93
2026-01-15,26,3,USD,1073.86155,118.4992,127251.73
2026-01-15,27,1,USD,281.26151,62.4625,17568.3
2026-01-15,27,2,USD,510.027425,100.4999,51257.71
2026-01-15,27,3,USD,188.651204,212.1836,40028.69
2026-01-15,28,1,USD,305.43509,30.3421,9267.54
2026-01-15,28,2,USD,901.947302,80.8115,72887.71
2026-01-15,28,3,USD,622.584865,65.2426,40619.06
2026-01-15,29,1,USD,49.371506,132.9429,6563.59
2026-01-15,29,2,USD,403.648777,118.2763,47742.08
2026-01-15,29,3,USD,519.006795,98.2029,50967.97
2026-01-15,30,1,USD,597.051674,75.5247,45092.15
2026-01-15,30,2,USD,29.661836,116.0052,3440.93
2026-01-15,30,3,USD,318.749854,28.2132,8992.95
2026-01-15,31,1,USD,1081.771017,80.6843,87281.94
2026-01-15,31,2,USD,602.117904,141.1965,85016.94
2026-01-15,31,3,USD,93.790812,76.342,7160.18
2026-01-15,32,1,USD,273.289911,38.4611,10511.03
2026-01-15,32,2,USD,432.284269,141.0463,60972.1
2026-01-15,32,3,USD,400.50941,172.0258,68897.95
2026-01-15,33,1,USD,300.028372,188.8507,56660.57
2026-01-15,33,2,USD,922.179425,212.9076,196339.01
2026-01-15,33,3,USD,228.770924,154.9682,35452.22
2026-01-15,34,1,USD,165.438151,215.1998,35602.26
2026-01-15,34,2,USD,859.422431,140.3502,120620.11
2026-01-15,34,3,USD,313.362533,194.8183,61048.76
2026-01-15,35,1,USD,338.214324,93.1918,31518.8
2026-01-15,35,2,USD,1196.210802,236.9956,283496.7
2026-01-15,35,3,USD,986.233579,191.8735,189232.09
2026-01-15,36,1,USD,14.268864,166.9818,2382.64
2026-01-15,36,2,USD,1187.129552,238.3573,282960.99
2026-01-15,36,3,USD,1038.559345,64.6188,67110.46
2026-01-15,37,1,USD,868.003068,60.37,52401.35
2026-01-15,37,2,USD,280.467828,150.8809,42317.24
2026-01-15,37,3,USD,663.138304,122.4972,81232.59
2026-01-15,38,1,USD,977.277253,91.7583,89673.3
2026-01-15,38,2,USD,103.051027,212.9924,21949.09
2026-01-15,38,3,USD,514.551569,236.0631,121466.64
2026-01-15,39,1,USD,501.225438,115.2834,57782.97
2026-01-15,39,2,USD,1023.53295,17.225,17630.36
2026-01-15,39,3,USD,166.740271,219.7001,36632.85
2026-01-15,40,1,USD,366.686323,187.0732,68597.18
2026-01-15,40,2,USD,599.760254,168.1236,100833.85
2026-01-15,40,3,USD,425.594932,64.1178,27288.21
2026-01-15,41,1,USD,510.863218,190.6303,97386.01
2026-01-15,41,2,USD,915.409897,175.7245,160859.95
2026-01-15,41,3,USD,359.56465,150.8692,54247.23
2026-01-15,42,1,USD,681.092913,17.7302,12075.91
2026-01-15,42,2,USD,166.961683,244.5384,40828.54
2026-01-15,42,3,USD,1193.108845,146.3658,174630.33
2026-01-15,43,1,USD,958.974933,229.3005,219893.43
2026-01-15,43,2,USD,688.654481,103.8126,71491.01
2026-01-15,43,3,USD,457.582276,237.6862,108760.99
2026-01-15,44,1,USD,76.451098,102.7441,7854.9
2026-01-15,44,2,USD,569.733186,88.9219,50661.76
2026-01-15,44,3,USD,1154.325775,163.3608,188571.58
2026-01-15,45,1,USD,365.574557,51.1417,18696.1
2026-01-15,45,2,USD,809.862645,52.6327,42625.26
2026-01-15,45,3,USD,991.769794,154.8073,153533.2
2026-01-15,46,1,USD,32.206206,57.7597,1860.22
2026-01-15,46,2,USD,1093.614372,102.6146,112220.8
2026-01-15,46,3,USD,247.070756,79.8653,19732.38
2026-01-15,47,1,USD,629.274837,119.1193,74958.78
2026-01-15,47,2,USD,442.382719,12.6513,5596.72
2026-01-15,47,3,USD,392.126484,228.355,89544.04
2026-01-15,48,1,USD,469.326328,247.5028,116159.58
2026-01-15,48,2,USD,154.965203,110.4192,17111.13
2026-01-15,48,3,USD,891.771305,103.3583,92171.97
2026-01-15,49,1,USD,1084.305005,59.5551,64575.89
2026-01-15,49,2,USD,1044.538881,84.3417,88098.18
2026-01-15,49,3,USD,981.475324,169.5502,166409.34
2026-01-15,50,1,USD,190.5375,148.0219,28203.72
2026-01-15,50,2,USD,372.376483,58.7135,21863.53
2026-01-15,50,3,USD,860.126457,120.1495,103343.76
2026-01-22,1,1,USD,242.043275,247.8604,59992.94
2026-01-22,1,2,USD,534.877897,207.8998,111201.01
2026-01-22,1,3,USD,725.818319,69.2416,50256.82
2026-01-22,2,1,USD,394.669755,146.615,57864.51
2026-01-22,2,2,USD,589.150352,121.0469,71314.82
2026-01-22,2,3,USD,46.901748,31.8646,1494.51
2026-01-22,3,1,USD,775.558965,230.535,178793.49
2026-01-22,3,2,USD,416.138208,212.2335,88318.47
2026-01-22,3,3,USD,950.816142,103.8617,98753.38
2026-01-22,4,1,USD,988.115527,213.9625,211419.67
2026-01-22,4,2,USD,498.06331,53.0987,26446.51
2026-01-22,4,3,USD,741.28382,113.6984,84282.78
2026-01-22,5,1,USD,461.597996,168.1792,77631.18
2026-01-22,5,2,USD,838.226443,32.9282,27601.29
2026-01-22,5,3,USD,838.373708,20.4795,17169.47
2026-01-22,6,1,USD,1062.650182,47.9037,50904.88
2026-01-22,6,2,USD,1059.066999,139.057,147270.68
2026-01-22,6,3,USD,799.988329,26.0185,20814.5
2026-01-22,7,1,USD,871.845305,226.5363,197504.61
2026-01-22,7,2,USD,1090.483765,108.7068,118543.0
2026-01-22,7,3,USD,914.232959,39.0953,35742.21
2026-01-22,8,1,USD,442.478479,191.2952,84644.01
2026-01-22,8,2,USD,605.273811,197.0826,119288.94
2026-01-22,8,3,USD,492.115281,49.5614,24389.92
2026-01-22,9,1,USD,248.846515,20.7124,5154.21
2026-01-22,9,2,USD,32.061455,163.328,5236.53
2026-01-22,9,3,USD,810.74648,120.857,97984.39
2026-01-22,10,1,USD,412.389258,105.842,43648.1
2026-01-22,10,2,USD,233.284301,19.0659,4447.78
2026-01-22,10,3,USD,300.72688,180.1839,54186.14
2026-01-22,11,1,USD,163.776687,170.8709,27984.67
2026-01-22,11,2,USD,557.094656,120.7257,67255.64
2026-01-22,11,3,USD,99.058356,167.6854,16610.64
2026-01-22,12,1,USD,856.297847,115.0537,98520.24
2026-01-22,12,2,USD,564.945279,76.9941,43497.45
2026-01-22,12,3,USD,193.639837,211.239,40904.29
2026-01-22,13,1,USD,728.386269,52.5368,38267.08
2026-01-22,13,2,USD,148.981659,187.9472,28000.69
2026-01-22,13,3,USD,202.144048,171.1341,34593.74
2026-01-22,14,1,USD,13.452742,75.5805,1016.76
2026-01-22,14,2,USD,528.789589,52.7057,27870.23
2026-01-22,14,3,USD,857.294727,224.245,192244.06
2026-01-22,15,1,USD,638.758566,116.094,74156.04
2026-01-22,15,2,USD,57.307227,162.3497,9303.81
2026-01-22,15,3,USD,627.449357,169.0096,106044.96
2026-01-22,16,1,USD,792.048489,34.6704,27460.64
2026-01-22,16,2,USD,828.416055,116.5568,96557.52
2026-01-22,16,3,USD,717.84642,21.6795,15562.55
2026-01-22,17,1,USD,452.874638,58.4171,26455.62
2026-01-22,17,2,USD,299.639738,228.1015,68348.27
2026-01-22,17,3,USD,239.982829,13.8492,3323.57
2026-01-22,18,1,USD,33.533004,13.4944,452.51
2026-01-22,18,2,USD,984.631859,173.1903,170528.69
2026-01-22,18,3,USD,75.805782,240.0989,18200.88
2026-01-22,19,1,USD,115.923847,210.4924,24401.09
2026-01-22,19,2,USD,796.930505,183.7628,146446.18
2026-01-22,19,3,USD,52.815015,133.0,7024.4
2026-01-22,20,1,USD,978.749204,87.4431,85584.86
2026-01-22,20,2,USD,752.143721,159.9216,120284.03
2026-01-22,20,3,USD,1121.192842,104.8153,117518.16
2026-01-22,21,1,USD,513.456355,65.778,33774.13
2026-01-22,21,2,USD,127.062378,87.6083,11131.72
2026-01-22,21,3,USD,17.993487,166.9583,3004.16
2026-01-22,22,1,USD,14.377654,61.0643,877.96
2026-01-22,22,2,USD,264.115432,167.9108,44347.83
2026-01-22,22,3,USD,334.149149,159.7383,53376.42
2026-01-22,23,1,USD,52.726731,222.5104,11732.25
2026-01-22,23,2,USD,493.316203,194.2108,95807.33
2026-01-22,23,3,USD,599.49123,247.7138,148502.25
2026-01-22,24,1,USD,855.03733,199.9023,170923.93
2026-01-22,24,2,USD,1106.668691,146.6092,162247.81
2026-01-22,24,3,USD,302.328184,32.7387,9897.83
2026-01-22,25,1,USD,389.225149,161.4097,62824.71
2026-01-22,25,2,USD,466.278529,231.8928,108126.63
2026-01-22,25,3,USD,925.687692,41.9035,38789.55
2026-01-22,26,1,USD,210.397255,192.8119,40567.09
2026-01-22,26,2,USD,825.150117,244.7252,201935.03
2026-01-22,26,3,USD,799.644707,26.2032,20953.25
2026-01-22,27,1,USD,21.178558,228.9048,4847.87
2026-01-22,27,2,USD,538.693878,132.6463,71455.75
2026-01-22,27,3,USD,890.176707,130.8208,116453.63
2026-01-22,28,1,USD,845.554957,13.19,11152.87
2026-01-22,28,2,USD,25.456056,192.1458,4891.27
2026-01-22,28,3,USD,148.867395,66.7351,9934.68
2026-01-22,29,1,USD,514.197446,68.451,35197.33
2026-01-22,29,2,USD,95.267568,43.0133,4097.77
2026-01-22,29,3,USD,598.471778,58.4828,35000.31
2026-01-22,30,1,USD,450.897532,164.0893,73987.46
2026-01-22,30,2,USD,285.676762,184.074,52585.66
2026-01-22,30,3,USD,1186.261653,116.4943,138192.72
2026-01-22,31,1,USD,1052.798289,42.2241,44453.46
2026-01-22,31,2,USD,381.046393,198.873,75779.84
2026-01-22,31,3,USD,47.528972,200.0271,9507.08
2026-01-22,32,1,USD,497.872081,205.0505,102088.92
2026-01-22,32,2,USD,900.661093,64.9624,58509.11
2026-01-22,32,3,USD,879.447755,92.2548,81133.28
2026-01-22,33,1,USD,246.980922,22.9778,5675.08
2026-01-22,33,2,USD,1101.21381,247.2103,272231.4
2026-01-22,33,3,USD,961.742169,177.1067,170330.98
2026-01-22,34,1,USD,266.932865,219.4494,58578.26
2026-01-22,34,2,USD,625.766313,54.0509,33823.23
2026-01-22,34,3,USD,755.739015,25.5081,19277.47
2026-01-22,35,1,USD,589.970747,238.8787,140931.45
2026-01-22,35,2,USD,62.528234,248.083,15512.19
2026-01-22,35,3,USD,1125.929432,40.1346,45188.73
2026-01-22,36,1,USD,208.41099,141.7233,29536.69
2026-01-22,36,2,USD,954.279711,59.0496,56349.84
2026-01-22,36,3,USD,608.909459,112.2976,68379.07
2026-01-22,37,1,USD,560.489097,49.3981,27687.1
2026-01-22,37,2,USD,237.043514,111.764,26492.93
2026-01-22,37,3,USD,727.021482,82.7442,60156.81
2026-01-22,38,1,USD,691.706197,242.2542,167568.73
2026-01-22,38,2,USD,241.681206,216.9821,52440.5
2026-01-22,38,3,USD,577.404848,238.2432,137562.78
2026-01-22,39,1,USD,431.498322,100.6522,43431.26
2026-01-22,39,2,USD,564.856182,111.4473,62951.7
2026-01-22,39,3,USD,731.273065,114.0233,83382.17
2026-01-22,40,1,USD,187.054162,238.9018,44687.58
2026-01-22,40,2,USD,578.400868,192.863,111552.13
2026-01-22,40,3,USD,512.876745,29.9759,15373.94
2026-01-22,41,1,USD,1087.748443,82.0556,89255.85
2026-01-22,41,2,USD,644.637217,142.6845,91979.74
2026-01-22,41,3,USD,210.839181,101.3081,21359.72
2026-01-22,42,1,USD,367.01674,77.9742,28617.84
2026-01-22,42,2,USD,674.570521,125.4026,84592.9
2026-01-22,42,3,USD,399.880968,181.5672,72605.27
2026-01-22,43,1,USD,234.858899,229.8717,53987.41
2026-01-22,43,2,USD,5.016661,216.7972,1087.6
2026-01-22,43,3,USD,876.44237,99.8219,87488.14
2026-01-22,44,1,USD,485.466313,109.7968,53302.65
2026-01-22,44,2,USD,473.579639,188.1266,89092.93
2026-01-22,44,3,USD,460.844909,83.8746,38653.18
2026-01-22,45,1,USD,1185.026475,27.0962,32109.71
2026-01-22,45,2,USD,1061.999497,248.1934,263581.27
2026-01-22,45,3,USD,149.37301,233.7111,34910.13
2026-01-22,46,1,USD,194.83486,193.1082,37624.21
2026-01-22,46,2,USD,1148.516252,195.1049,224081.15
2026-01-22,46,3,USD,901.892886,93.6589,84470.3
2026-01-22,47,1,USD,850.954159,162.3951,138190.79
2026-01-22,47,2,USD,441.816649,23.8491,10536.93
2026-01-22,47,3,USD,462.399789,111.7697,51682.29
2026-01-22,48,1,USD,296.150174,124.6541,36916.33
2026-01-22,48,2,USD,1105.762257,96.7394,106970.78
2026-01-22,48,3,USD,847.870746,16.7815,14228.54
2026-01-22,49,1,USD,798.810765,45.4922,36339.66
2026-01-22,49,2,USD,726.522763,236.6237,171912.5
2026-01-22,49,3,USD,176.840868,69.3796,12269.15
2026-01-22,50,1,USD,694.010156,169.0251,117305.14
2026-01-22,50,2,USD,193.712899,38.0154,7364.07
2026-01-22,50,3,USD,110.766968,180.7863,20025.15
2026-01-29,1,1,USD,461.217279,179.4567,82768.53
2026-01-29,1,2,USD,1168.974709,29.2836,34231.79
2026-01-29,1,3,USD,1091.938977,220.2415,240490.28
2026-01-29,2,1,USD,198.988329,112.4492,22376.08
2026-01-29,2,2,USD,830.204159,130.1552,108055.39
2026-01-29,2,3,USD,639.841574,222.7962,142554.27
2026-01-29,3,1,USD,703.295725,186.144,130914.28
2026-01-29,3,2,USD,902.954702,231.8369,209338.22
2026-01-29,3,3,USD,1043.30155,36.2258,37794.43
2026-01-29,4,1,USD,687.134034,201.4081,138394.36
2026-01-29,4,2,USD,977.073626,74.5651,72855.59
2026-01-29,4,3,USD,251.430666,189.5897,47668.66
2026-01-29,5,1,USD,838.810795,11.5409,9680.63
2026-01-29,5,2,USD,202.07843,128.0136,25868.79
2026-01-29,5,3,USD,116.244794,195.6985,22748.93
2026-01-29,6,1,USD,501.407527,110.0422,55175.99
2026-01-29,6,2,USD,346.008313,113.4279,39247.0
2026-01-29,6,3,USD,211.681557,54.736,11586.6
2026-01-29,7,1,USD,161.198475,126.7531,20432.41
2026-01-29,7,2,USD,603.136503,36.4572,21988.67
2026-01-29,7,3,USD,680.510561,61.0176,41523.12
2026-01-29,8,1,USD,241.129017,189.9798,45809.64
2026-01-29,8,2,USD,971.014351,56.0524,54427.68
2026-01-29,8,3,USD,1179.53655,219.1877,258539.9
2026-01-29,9,1,USD,528.87654,229.1131,121172.54
2026-01-29,9,2,USD,131.034537,162.7441,21325.1
2026-01-29,9,3,USD,95.771762,30.5697,2927.71
2026-01-29,10,1,USD,149.617895,25.423,3803.74
2026-01-29,10,2,USD,35.599982,66.3472,2361.96
2026-01-29,10,3,USD,582.233223,192.5281,112096.26
2026-01-29,11,1,USD,11.407891,73.8594,842.58
2026-01-29,11,2,USD,1146.25648,169.6773,194493.7
2026-01-29,11,3,USD,947.048601,20.0462,18984.73
2026-01-29,12,1,USD,253.28203,200.0288,50663.7
2026-01-29,12,2,USD,450.798964,134.8178,60775.72
2026-01-29,12,3,USD,1154.469455,73.8006,85200.54
2026-01-29,13,1,USD,583.111386,191.6588,111758.43
2026-01-29,13,2,USD,725.245861,90.772,65832.02
2026-01-29,13,3,USD,818.231999,92.3386,75554.4
2026-01-29,14,1,USD,378.268565,67.5033,25534.38
2026-01-29,14,2,USD,433.452752,105.6331,45786.96
2026-01-29,14,3,USD,732.97087,244.0732,178898.55
2026-01-29,15,1,USD,1047.692919,203.5048,213210.54
2026-01-29,15,2,USD,3.701596,218.93,810.39
2026-01-29,15,3,USD,482.170028,210.5011,101497.32
2026-01-29,16,1,USD,1110.04454,16.1633,17941.98
2026-01-29,16,2,USD,147.473447,137.351,20255.63
2026-01-29,16,3,USD,1141.274327,190.3455,217236.43
2026-01-29,17,1,USD,298.245168,118.4603,35330.21
2026-01-29,17,2,USD,823.421875,218.7647,180135.64
2026-01-29,17,3,USD,617.896802,168.4548,104087.68
2026-01-29,18,1,USD,3.754932,163.1376,612.57
2026-01-29,18,2,USD,1130.325247,87.3241,98704.63
2026-01-29,18,3,USD,760.532761,219.6243,167031.48
2026-01-29,19,1,USD,1163.517092,186.5951,217106.59
2026-01-29,19,2,USD,813.515304,66.0541,53736.02
2026-01-29,19,3,USD,581.443373,187.4091,108967.78
2026-01-29,20,1,USD,952.752454,93.6001,89177.72
2026-01-29,20,2,USD,1126.901703,235.9546,265897.64
2026-01-29,20,3,USD,571.346301,168.0014,95986.98
2026-01-29,21,1,USD,839.39968,34.1094,28631.42
2026-01-29,21,2,USD,461.830252,155.7217,71916.99
2026-01-29,21,3,USD,854.330368,218.7661,186898.52
2026-01-29,22,1,USD,1051.480808,198.3669,208578.99
2026-01-29,22,2,USD,859.998755,17.619,15152.32
2026-01-29,22,3,USD,597.510068,30.9016,18464.02
2026-01-29,23,1,USD,998.824933,249.1131,248820.38
2026-01-29,23,2,USD,1184.66353,122.0327,144567.69
2026-01-29,23,3,USD,1075.690291,239.2123,257318.35
2026-01-29,24,1,USD,578.602254,139.7603,80865.62
2026-01-29,24,2,USD,292.027198,50.9039,14865.32
2026-01-29,24,3,USD,1133.051854,177.9782,201658.53
2026-01-29,25,1,USD,126.563613,248.4068,31439.26
2026-01-29,25,2,USD,35.066138,232.9608,8169.04
2026-01-29,25,3,USD,391.800954,102.0376,39978.43
2026-01-29,26,1,USD,336.429416,182.602,61432.68
2026-01-29,26,2,USD,799.119217,238.3609,190478.78
2026-01-29,26,3,USD,804.721526,169.7143,136572.75
2026-01-29,27,1,USD,1107.283424,162.0516,179437.05
2026-01-29,27,2,USD,590.350539,200.9297,118618.96
2026-01-29,27,3,USD,399.361341,63.7135,25444.71
2026-01-29,28,1,USD,691.166503,231.7234,160159.45
2026-01-29,28,2,USD,77.600434,92.3742,7168.28
2026-01-29,28,3,USD,1092.200551,188.3123,205674.8
2026-01-29,29,1,USD,870.033703,166.9407,145244.04
2026-01-29,29,2,USD,942.098259,241.8995,227893.1
2026-01-29,29,3,USD,524.354704,66.0082,34611.71
2026-01-29,30,1,USD,310.912738,79.8344,24821.53
2026-01-29,30,2,USD,133.659027,91.6571,12250.8
2026-01-29,30,3,USD,710.640585,55.1575,39197.16
2026-01-29,31,1,USD,1130.409212,147.4814,166714.33
2026-01-29,31,2,USD,152.90096,85.2093,13028.58
2026-01-29,31,3,USD,456.234129,186.8603,85252.05
2026-01-29,32,1,USD,372.958696,151.6143,56545.87
2026-01-29,32,2,USD,227.829211,103.1549,23501.7
2026-01-29,32,3,USD,508.438194,195.1074,99200.05
2026-01-29,33,1,USD,957.021767,234.142,224078.99
2026-01-29,33,2,USD,151.568838,169.2983,25660.35
2026-01-29,33,3,USD,708.93118,35.5806,25224.2
2026-01-29,34,1,USD,11.026226,214.5669,2365.86
2026-01-29,34,2,USD,379.11147,205.8755,78049.76
2026-01-29,34,3,USD,356.188263,62.537,22274.95
2026-01-29,35,1,USD,815.977107,45.3821,37030.75
2026-01-29,35,2,USD,340.07139,189.2944,64373.61
2026-01-29,35,3,USD,1018.952964,208.6603,212615.03
2026-01-29,36,1,USD,41.212639,86.8334,3578.63
2026-01-29,36,2,USD,602.853593,175.264,105658.53
2026-01-29,36,3,USD,328.143051,213.4406,70039.05
2026-01-29,37,1,USD,688.766344,161.4585,111207.18
2026-01-29,37,2,USD,258.846076,79.9588,20697.02
2026-01-29,37,3,USD,1159.794844,24.115,27968.45
2026-01-29,38,1,USD,972.252214,46.6485,45354.11
2026-01-29,38,2,USD,860.119568,213.5368,183667.18
2026-01-29,38,3,USD,1121.319489,64.0172,71783.73
2026-01-29,39,1,USD,882.87069,231.5579,204435.68
2026-01-29,39,2,USD,931.246485,215.6269,200801.79
2026-01-29,39,3,USD,872.874556,81.7844,71387.52
2026-01-29,40,1,USD,978.014594,228.9703,223936.29
2026-01-29,40,2,USD,191.03187,15.1758,2899.06
2026-01-29,40,3,USD,470.742688,111.385,52433.67
2026-01-29,41,1,USD,568.105942,93.5937,53171.14
2026-01-29,41,2,USD,469.635258,27.2376,12791.74
2026-01-29,41,3,USD,872.105521,77.7674,67821.38
2026-01-29,42,1,USD,1107.676544,178.2661,197461.18
2026-01-29,42,2,USD,657.612038,33.3567,21935.77
2026-01-29,42,3,USD,388.102303,199.9066,77584.21
2026-01-29,43,1,USD,1039.026518,22.9896,23886.8
2026-01-29,43,2,USD,1121.490515,82.9778,93058.82
2026-01-29,43,3,USD,785.560782,148.5178,116669.76
2026-01-29,44,1,USD,530.260489,125.786,66699.35
2026-01-29,44,2,USD,1076.661704,60.3439,64969.97
2026-01-29,44,3,USD,965.230132,56.9572,54976.81
2026-01-29,45,1,USD,781.485593,96.9342,75752.68
2026-01-29,45,2,USD,1027.369555,34.4675,35410.86
2026-01-29,45,3,USD,942.599103,216.0234,203623.46
2026-01-29,46,1,USD,451.866951,245.8481,111090.63
2026-01-29,46,2,USD,815.334319,50.3735,41071.24
2026-01-29,46,3,USD,67.59781,95.3401,6444.78
2026-01-29,47,1,USD,568.650906,236.8152,134665.18
2026-01-29,47,2,USD,140.816215,133.7044,18827.75
2026-01-29,47,3,USD,406.182983,114.1171,46352.42
2026-01-29,48,1,USD,178.281986,183.4121,32699.07
2026-01-29,48,2,USD,294.001204,38.5126,11322.75
2026-01-29,48,3,USD,475.973757,82.6455,39337.09
2026-01-29,49,1,USD,715.386575,51.3969,36768.65
2026-01-29,49,2,USD,894.240281,196.204,175453.52
2026-01-29,49,3,USD,1189.396752,170.9766,203359.01
2026-01-29,50,1,USD,107.533378,121.2817,13041.83
2026-01-29,50,2,USD,981.834185,101.7042,99856.66
2026-01-29,50,3,USD,758.800217,116.8284,88649.42
2026-02-05,1,1,USD,13.922901,37.9906,528.94
2026-02-05,1,2,USD,146.461876,163.9382,24010.7
2026-02-05,1,3,USD,1090.17414,63.9844,69754.14
2026-02-05,2,1,USD,704.220589,246.9638,173916.99
2026-02-05,2,2,USD,575.398039,176.4942,101554.42
2026-02-05,2,3,USD,113.463886,152.291,17279.53
2026-02-05,3,1,USD,460.751854,249.989,115182.9
2026-02-05,3,2,USD,843.284381,81.6072,68818.08
2026-02-05,3,3,USD,150.283725,88.055,13233.23
2026-02-05,4,1,USD,856.521776,216.9305,185805.7
2026-02-05,4,2,USD,645.01328,107.2793,69196.57
2026-02-05,4,3,USD,840.890292,104.5112,87882.45
2026-02-05,5,1,USD,980.955412,198.0339,194262.43
2026-02-05,5,2,USD,636.105193,25.3436,16121.2
2026-02-05,5,3,USD,1004.572728,139.3556,139992.84
2026-02-05,6,1,USD,982.593126,166.4082,163511.55
2026-02-05,6,2,USD,904.209859,59.7913,54063.88
2026-02-05,6,3,USD,790.298857,38.1583,30156.46
2026-02-05,7,1,USD,1034.404131,176.8518,182936.23
2026-02-05,7,2,USD,6.388803,117.3359,749.64
2026-02-05,7,3,USD,377.155299,19.3944,7314.7
2026-02-05,8,1,USD,690.097235,166.6337,114993.46
2026-02-05,8,2,USD,105.385115,71.6225,7547.95
2026-02-05,8,3,USD,903.682477,30.3065,27387.45
2026-02-05,9,1,USD,149.660544,81.6587,12221.09
2026-02-05,9,2,USD,1159.531399,51.1848,59350.38
2026-02-05,9,3,USD,1172.523719,167.9582,196934.97
2026-02-05,10,1,USD,298.004502,21.0799,6281.91
2026-02-05,10,2,USD,1134.953512,227.1087,257757.82
2026-02-05,10,3,USD,352.076194,138.1846,48651.51
2026-02-05,11,1,USD,167.826056,127.7063,21432.44
2026-02-05,11,2,USD,375.523259,228.588,85840.11
2026-02-05,11,3,USD,1196.156594,155.4813,185979.98
2026-02-05,12,1,USD,612.708415,175.1033,107287.27
2026-02-05,12,2,USD,795.140396,20.7365,16488.43
2026-02-05,12,3,USD,44.080739,44.0002,1939.56
2026-02-05,13,1,USD,1027.302207,61.6511,63334.31
2026-02-05,13,2,USD,161.049607,142.497,22949.09
2026-02-05,13,3,USD,710.139767,76.575,54378.95
2026-02-05,14,1,USD,874.925285,111.2836,97364.84
2026-02-05,14,2,USD,659.818333,72.5619,47877.67
2026-02-05,14,3,USD,779.722728,49.1966,38359.71
2026-02-05,15,1,USD,547.281299,236.7377,129562.12
2026-02-05,15,2,USD,811.830805,235.6478,191306.14
2026-02-05,15,3,USD,171.89274,58.9031,10125.02
2026-02-05,16,1,USD,755.481843,74.6559,56401.18
2026-02-05,16,2,USD,759.74381,164.9371,125309.94
2026-02-05,16,3,USD,857.333961,145.2741,124548.42
2026-02-05,17,1,USD,777.325334,132.7426,103184.19
2026-02-05,17,2,USD,196.851686,207.1763,40783.0
2026-02-05,17,3,USD,379.632407,199.0682,75572.74
2026-02-05,18,1,USD,454.730281,241.3642,109755.61
2026-02-05,18,2,USD,296.997223,74.8301,22224.33
2026-02-05,18,3,USD,637.764199,174.155,111069.82
2026-02-05,19,1,USD,488.137517,89.0458,43466.6
2026-02-05,19,2,USD,106.76899,228.2189,24366.7
2026-02-05,19,3,USD,933.685141,45.1191,42127.03
2026-02-05,20,1,USD,957.71684,75.6752,72475.41
2026-02-05,20,2,USD,117.536226,245.0765,28805.37
2026-02-05,20,3,USD,266.670686,238.4279,63581.73
2026-02-05,21,1,USD,939.280342,39.6408,37233.82
2026-02-05,21,2,USD,631.770808,220.1229,139067.22
2026-02-05,21,3,USD,706.59246,203.6316,143884.55
2026-02-05,22,1,USD,114.648669,93.7361,10746.72
2026-02-05,22,2,USD,686.58969,77.6792,53333.74
2026-02-05,22,3,USD,325.26476,33.7759,10986.11
2026-02-05,23,1,USD,57.555942,86.3191,4968.18
2026-02-05,23,2,USD,902.247498,53.3614,48145.19
2026-02-05,23,3,USD,967.301995,172.6749,167028.78
2026-02-05,24,1,USD,946.496876,142.4012,134782.29
2026-02-05,24,2,USD,1058.425371,106.6363,112866.57
2026-02-05,24,3,USD,710.772149,72.1746,51299.7
2026-02-05,25,1,USD,823.990019,181.1734,149285.07
2026-02-05,25,2,USD,789.075522,44.2408,34909.33
2026-02-05,25,3,USD,681.07293,74.1688,50514.36
2026-02-05,26,1,USD,1102.129973,163.4064,180095.09
2026-02-05,26,2,USD,444.180838,196.6068,87328.97
2026-02-05,26,3,USD,813.85827,110.3785,89832.46
2026-02-05,27,1,USD,549.343909,115.3504,63367.04
2026-02-05,27,2,USD,424.8017,122.4798,52029.63
2026-02-05,27,3,USD,344.183593,238.6279,82131.81
2026-02-05,28,1,USD,624.713596,182.432,113967.75
2026-02-05,28,2,USD,1108.574347,64.9034,71950.24
2026-02-05,28,3,USD,762.762298,30.8661,23543.5
2026-02-05,29,1,USD,366.793803,194.9388,71502.34
2026-02-05,29,2,USD,1014.294729,162.3224,164642.75
2026-02-05,29,3,USD,92.031855,67.6088,6222.16
2026-02-05,30,1,USD,112.36033,148.076,16637.87
2026-02-05,30,2,USD,101.502145,78.6042,7978.49
2026-02-05,30,3,USD,1115.506808,204.0033,227567.07
2026-02-05,31,1,USD,12.833619,237.6152,3049.46
2026-02-05,31,2,USD,812.439676,233.7859,189936.94
2026-02-05,31,3,USD,163.714059,129.4732,21196.58
2026-02-05,32,1,USD,822.146237,172.4258,141759.22
2026-02-05,32,2,USD,638.891214,39.926,25508.37
2026-02-05,32,3,USD,16.680315,55.6442,928.16
2026-02-05,33,1,USD,997.676904,11.7497,11722.4
2026-02-05,33,2,USD,509.974692,138.238,70497.88
2026-02-05,33,3,USD,414.072751,248.6133,102943.99
2026-02-05,34,1,USD,793.408933,230.9101,183206.14
2026-02-05,34,2,USD,1199.001502,236.7859,283906.65
2026-02-05,34,3,USD,820.893722,20.1654,16553.65
2026-02-05,35,1,USD,538.382452,50.4478,27160.21
2026-02-05,35,2,USD,1116.222434,193.2905,215755.19
2026-02-05,35,3,USD,1084.558343,51.9554,56348.66
2026-02-05,36,1,USD,440.461125,41.9965,18497.83
2026-02-05,36,2,USD,423.94984,22.2176,9419.15
2026-02-05,36,3,USD,594.609434,50.9162,30275.25
2026-02-05,37,1,USD,1163.674084,91.1101,106022.46
2026-02-05,37,2,USD,814.875808,209.6143,170809.62
2026-02-05,37,3,USD,1020.932461,215.8735,220392.26
2026-02-05,38,1,USD,348.077687,125.9499,43840.35
2026-02-05,38,2,USD,317.700945,10.5362,3347.36
2026-02-05,38,3,USD,757.411744,104.4692,79126.2
2026-02-05,39,1,USD,1107.66764,232.9862,258071.27
2026-02-05,39,2,USD,1150.961929,133.727,153914.69
2026-02-05,39,3,USD,1072.101429,234.4995,251407.25
2026-02-05,40,1,USD,1070.99269,213.6044,228768.75
2026-02-05,40,2,USD,68.996075,11.4139,787.51
2026-02-05,40,3,USD,552.424651,81.6042,45080.17
2026-02-05,41,1,USD,128.596866,93.9332,12079.52
2026-02-05,41,2,USD,866.920309,106.4963,92323.81
2026-02-05,41,3,USD,10.63648,113.3929,1206.1
2026-02-05,42,1,USD,237.053321,136.9832,32472.32
2026-02-05,42,2,USD,1078.21195,108.5726,117064.27
2026-02-05,42,3,USD,1095.730935,11.6585,12774.58
2026-02-05,43,1,USD,923.337129,70.0323,64663.42
2026-02-05,43,2,USD,564.838416,99.8343,56390.25
2026-02-05,43,3,USD,437.394837,224.1264,98031.73
2026-02-05,44,1,USD,643.712862,74.6756,48069.64
2026-02-05,44,2,USD,1187.243096,167.5071,198871.65
2026-02-05,44,3,USD,527.228041,43.5699,22971.27
2026-02-05,45,1,USD,896.509306,11.3945,10215.28
2026-02-05,45,2,USD,1060.291519,180.2127,191078.0
2026-02-05,45,3,USD,132.798772,78.3759,10408.22
2026-02-05,46,1,USD,160.416398,111.0534,17814.79
2026-02-05,46,2,USD,397.456213,17.5856,6989.51
2026-02-05,46,3,USD,799.445783,237.6102,189956.47
2026-02-05,47,1,USD,1151.638624,245.9029,283191.28
2026-02-05,47,2,USD,142.550767,127.3763,18157.59
2026-02-05,47,3,USD,594.681115,173.6168,103246.63
2026-02-05,48,1,USD,152.920785,190.2616,29094.95
2026-02-05,48,2,USD,936.404996,105.9702,99231.02
2026-02-05,48,3,USD,871.193468,188.0544,163831.76
2026-02-05,49,1,USD,990.767181,41.5402,41156.67
2026-02-05,49,2,USD,1149.214313,200.2511,230131.43
2026-02-05,49,3,USD,151.348294,92.5889,14013.17
2026-02-05,50,1,USD,16.378746,174.265,2854.24
2026-02-05,50,2,USD,62.447804,209.1606,13061.62
2026-02-05,50,3,USD,515.598061,153.3008,79041.6
2026-02-12,1,1,USD,9.634669,125.2463,1206.71
2026-02-12,1,2,USD,338.668044,29.8276,10101.65
2026-02-12,1,3,USD,514.742323,158.2272,81446.24
2026-02-12,2,1,USD,875.098287,54.8465,47996.08
2026-02-12,2,2,USD,337.366603,37.6048,12686.6
2026-02-12,2,3,USD,316.236877,178.2294,56362.71
2026-02-12,3,1,USD,799.596538,112.9981,90352.89
2026-02-12,3,2,USD,568.671394,197.8521,112512.83
2026-02-12,3,3,USD,123.677871,185.3096,22918.7
2026-02-12,4,1,USD,733.320533,55.2806,40538.4
2026-02-12,4,2,USD,1025.846302,160.9379,165097.55
2026-02-12,4,3,USD,178.47132,38.9107,6944.44
2026-02-12,5,1,USD,481.539792,75.7268,36465.47
2026-02-12,5,2,USD,230.61287,45.0902,10398.38
2026-02-12,5,3,USD,21.193614,57.9144,1227.42
2026-02-12,6,1,USD,1037.220133,101.2846,105054.43
2026-02-12,6,2,USD,629.965418,178.0381,112157.85
2026-02-12,6,3,USD,1176.149209,63.2261,74363.33
2026-02-12,7,1,USD,511.291028,24.7239,12641.11
2026-02-12,7,2,USD,512.487393,22.3973,11478.33
2026-02-12,7,3,USD,132.065939,97.2583,12844.51
2026-02-12,8,1,USD,1131.598497,180.7805,204570.94
2026-02-12,8,2,USD,296.362364,224.8255,66629.82
2026-02-12,8,3,USD,218.101949,10.1286,2209.07
2026-02-12,9,1,USD,792.516909,87.1935,69102.32
2026-02-12,9,2,USD,342.380364,77.2382,26444.84
2026-02-12,9,3,USD,727.826188,113.4178,82548.45
2026-02-12,10,1,USD,302.715656,127.9087,38719.97
2026-02-12,10,2,USD,401.138577,36.7669,14748.62
2026-02-12,10,3,USD,802.737048,173.9108,139604.64
2026-02-12,11,1,USD,924.556373,41.2739,38160.05
2026-02-12,11,2,USD,432.682449,204.4085,88443.97
2026-02-12,11,3,USD,891.518424,151.3387,134921.24
2026-02-12,12,1,USD,725.656569,67.1805,48749.97
2026-02-12,12,2,USD,331.136336,150.2385,49749.43
2026-02-12,12,3,USD,104.677408,35.5277,3718.95
2026-02-12,13,1,USD,755.470354,154.4404,116675.14
2026-02-12,13,2,USD,49.246722,242.3992,11937.37
2026-02-12,13,3,USD,1060.849649,206.1782,218724.07
2026-02-12,14,1,USD,231.513009,116.9848,27083.5
2026-02-12,14,2,USD,118.364892,236.0363,27938.41
2026-02-12,14,3,USD,742.812443,82.3543,61173.8
2026-02-12,15,1,USD,569.038224,192.6371,109617.87
2026-02-12,15,2,USD,640.269065,46.8814,30016.71
2026-02-12,15,3,USD,153.398334,110.371,16930.73
2026-02-12,16,1,USD,853.923755,223.9808,191262.53
2026-02-12,16,2,USD,911.226188,213.0611,194146.85
2026-02-12,16,3,USD,672.415262,93.3615,62777.7
2026-02-12,17,1,USD,439.21443,161.1675,70787.09
2026-02-12,17,2,USD,140.914722,114.6702,16158.72
2026-02-12,17,3,USD,579.384742,135.7031,78624.31
2026-02-12,18,1,USD,1142.933075,199.8124,228372.2
2026-02-12,18,2,USD,200.322154,75.7957,15183.56
2026-02-12,18,3,USD,1160.98433,79.5175,92318.57
2026-02-12,19,1,USD,1146.963506,24.5904,28204.29
2026-02-12,19,2,USD,1166.968799,55.6458,64936.91
2026-02-12,19,3,USD,977.440206,128.8062,125900.36
2026-02-12,20,1,USD,638.963823,133.237,85133.62
2026-02-12,20,2,USD,89.982633,115.0588,10353.29
2026-02-12,20,3,USD,611.134041,144.9997,88614.25
2026-02-12,21,1,USD,468.296281,155.7324,72928.9
2026-02-12,21,2,USD,248.309516,10.8641,2697.66
2026-02-12,21,3,USD,686.277573,152.1071,104387.69
2026-02-12,22,1,USD,10.63359,232.8706,2476.25
2026-02-12,22,2,USD,615.35481,130.9163,80559.97
2026-02-12,22,3,USD,864.694999,72.1203,62362.06
2026-02-12,23,1,USD,1022.970094,81.1273,82990.8
2026-02-12,23,2,USD,322.217583,38.5848,12432.7
2026-02-12,23,3,USD,268.71534,138.0558,37097.71
2026-02-12,24,1,USD,350.211954,163.5077,57262.35
2026-02-12,24,2,USD,1130.455201,76.6616,86662.5
2026-02-12,24,3,USD,159.565672,219.6119,35042.52
2026-02-12,25,1,USD,61.823967,245.2057,15159.59
2026-02-12,25,2,USD,1187.443523,60.3934,71713.75
2026-02-12,25,3,USD,139.421806,165.6749,23098.69
2026-02-12,26,1,USD,759.219455,243.3325,184742.77
2026-02-12,26,2,USD,389.474247,237.1427,92360.97
2026-02-12,26,3,USD,1060.783665,73.3692,77828.85
2026-02-12,27,1,USD,160.33392,225.6006,36171.43
2026-02-12,27,2,USD,353.874406,246.4627,87216.84
2026-02-12,27,3,USD,751.146366,12.498,9387.83
2026-02-12,28,1,USD,426.579784,185.3144,79051.38
2026-02-12,28,2,USD,335.627766,71.4369,23976.21
2026-02-12,28,3,USD,18.766187,167.7562,3148.14
2026-02-12,29,1,USD,1041.578327,235.3641,245150.15
2026-02-12,29,2,USD,699.913458,183.4245,128381.28
2026-02-12,29,3,USD,825.738469,236.9575,195664.92
2026-02-12,30,1,USD,308.814203,160.2951,49501.4
2026-02-12,30,2,USD,725.210028,59.4782,43134.19
2026-02-12,30,3,USD,530.621867,87.8231,46600.86
2026-02-12,31,1,USD,244.702359,161.1522,39434.32
2026-02-12,31,2,USD,1029.865602,104.9112,108044.44
2026-02-12,31,3,USD,535.267087,185.1549,99107.32
2026-02-12,32,1,USD,520.684275,45.6002,23743.31
2026-02-12,32,2,USD,574.808265,129.0307,74167.91
2026-02-12,32,3,USD,551.268135,205.7435,113419.84
2026-02-12,33,1,USD,211.332663,146.7179,31006.28
2026-02-12,33,2,USD,1132.026071,53.2976,60334.27
2026-02-12,33,3,USD,338.453096,84.4385,28578.47
2026-02-12,34,1,USD,1062.303652,206.1998,219046.8
2026-02-12,34,2,USD,824.84019,55.0835,45435.08
2026-02-12,34,3,USD,172.226832,112.3348,19347.07
2026-02-12,35,1,USD,546.028992,164.8285,90001.14
2026-02-12,35,2,USD,483.005155,183.8337,88792.62
2026-02-12,35,3,USD,164.749554,190.1066,31319.98
2026-02-12,36,1,USD,14.146235,33.9352,480.06
2026-02-12,36,2,USD,460.788658,36.4085,16776.62
2026-02-12,36,3,USD,16.262473,209.3241,3404.13
2026-02-12,37,1,USD,1121.613282,41.723,46797.07
2026-02-12,37,2,USD,924.141151,74.2376,68606.02
2026-02-12,37,3,USD,1126.31807,153.9129,173354.88
2026-02-12,38,1,USD,950.880521,12.2551,11653.14
2026-02-12,38,2,USD,949.992836,140.1688,133159.36
2026-02-12,38,3,USD,981.906432,214.6529,210769.06
2026-02-12,39,1,USD,101.958232,43.4152,4426.54
2026-02-12,39,2,USD,911.606102,224.1737,204358.11
2026-02-12,39,3,USD,978.557907,83.7724,81976.14
2026-02-12,40,1,USD,574.69006,68.5141,39374.37
2026-02-12,40,2,USD,652.231726,74.1896,48388.81
2026-02-12,40,3,USD,652.335487,15.0899,9843.68
2026-02-12,41,1,USD,53.431017,140.7141,7518.5
2026-02-12,41,2,USD,123.079307,222.7496,27415.87
2026-02-12,41,3,USD,498.341606,10.2905,5128.18
2026-02-12,42,1,USD,269.175294,64.402,17335.43
2026-02-12,42,2,USD,462.459667,94.7944,43838.59
2026-02-12,42,3,USD,344.215449,231.2058,79584.61
2026-02-12,43,1,USD,821.300969,174.8239,143583.04
2026-02-12,43,2,USD,857.821439,226.3875,194200.05
2026-02-12,43,3,USD,590.18469,247.7843,146238.5
2026-02-12,44,1,USD,269.426949,239.552,64541.76
2026-02-12,44,2,USD,338.177127,28.3096,9573.66
2026-02-12,44,3,USD,400.469748,96.5184,38652.7
2026-02-12,45,1,USD,1109.642672,30.353,33680.98
2026-02-12,45,2,USD,52.016201,46.2647,2406.51
2026-02-12,45,3,USD,514.354085,90.3626,46478.37
2026-02-12,46,1,USD,217.638585,112.0587,24388.3
2026-02-12,46,2,USD,1071.741062,174.9186,187467.45
2026-02-12,46,3,USD,749.709926,78.8813,59138.09
2026-02-12,47,1,USD,1050.482602,75.0624,78851.75
2026-02-12,47,2,USD,599.100938,98.587,59063.56
2026-02-12,47,3,USD,318.481169,227.6763,72510.61
2026-02-12,48,1,USD,958.420248,199.3255,191037.6
2026-02-12,48,2,USD,1034.05677,244.7319,253066.68
2026-02-12,48,3,USD,933.340847,45.1814,42169.65
2026-02-12,49,1,USD,177.336219,117.2069,20785.03
2026-02-12,49,2,USD,956.220887,244.3214,233625.23
2026-02-12,49,3,USD,977.579713,37.1594,36326.28
2026-02-12,50,1,USD,512.943792,184.4099,94591.91
2026-02-12,50,2,USD,173.601384,87.5328,15195.82
2026-02-12,50,3,USD,153.042896,194.2085,29722.23
2026-02-19,1,1,USD,423.130509,128.6096,54418.65
2026-02-19,1,2,USD,577.54626,243.4837,140623.1
2026-02-19,1,3,USD,722.091739,162.785,117545.7
2026-02-19,2,1,USD,165.865533,236.5673,39238.36
2026-02-19,2,2,USD,1105.925884,101.9645,112765.18
2026-02-19,2,3,USD,659.207113,139.2993,91827.09
2026-02-19,3,1,USD,591.121687,138.691,81983.26
2026-02-19,3,2,USD,276.137418,30.0683,8302.98
2026-02-19,3,3,USD,857.905263,136.467,117075.76
2026-02-19,4,1,USD,931.911069,204.7101,190771.61
2026-02-19,4,2,USD,263.200787,30.9401,8143.46
2026-02-19,4,3,USD,434.051317,58.7871,25516.62
2026-02-19,5,1,USD,1020.714131,96.9756,98984.37
2026-02-19,5,2,USD,568.71162,42.0622,23921.26
2026-02-19,5,3,USD,132.187576,228.7269,30234.85
2026-02-19,6,1,USD,433.030243,213.839,92598.75
2026-02-19,6,2,USD,934.376253,43.4438,40592.86
2026-02-19,6,3,USD,552.466063,210.4606,116272.34
2026-02-19,7,1,USD,661.800465,233.522,154544.97
2026-02-19,7,2,USD,505.292364,60.577,30609.1
2026-02-19,7,3,USD,269.504634,189.2789,51011.54
2026-02-19,8,1,USD,140.682971,176.9874,24899.11
2026-02-19,8,2,USD,171.691895,185.9396,31924.32
2026-02-19,8,3,USD,835.347041,111.9301,93500.48
2026-02-19,9,1,USD,64.900014,35.4424,2300.21
2026-02-19,9,2,USD,697.928489,124.4384,86849.1
2026-02-19,9,3,USD,712.710776,47.9616,34182.75
2026-02-19,10,1,USD,176.264006,43.9066,7739.15
2026-02-19,10,2,USD,294.054965,12.9946,3821.13
2026-02-19,10,3,USD,997.281591,109.9588,109659.89
2026-02-19,11,1,USD,918.501245,122.7435,112740.06
2026-02-19,11,2,USD,168.134878,136.588,22965.21
2026-02-19,11,3,USD,1138.518917,122.8443,139860.56
2026-02-19,12,1,USD,867.068905,116.5537,101060.09
2026-02-19,12,2,USD,773.816583,13.1703,10191.4
2026-02-19,12,3,USD,133.52,24.4002,3257.91
2026-02-19,13,1,USD,770.945138,155.0017,119497.81
2026-02-19,13,2,USD,208.296244,48.4837,10098.97
2026-02-19,13,3,USD,475.668828,111.669,53117.46
2026-02-19,14,1,USD,1137.890356,119.0312,135444.45
2026-02-19,14,2,USD,853.688119,71.933,61408.35
2026-02-19,14,3,USD,686.47816,83.4482,57285.37
2026-02-19,15,1,USD,272.777826,233.5481,63706.74
2026-02-19,15,2,USD,326.19313,32.0648,10459.32
2026-02-19,15,3,USD,453.072336,238.2575,107947.88
2026-02-19,16,1,USD,891.761686,106.0966,94612.88
2026-02-19,16,2,USD,67.196186,104.1498,6998.47
2026-02-19,16,3,USD,987.005959,244.237,241063.37
2026-02-19,17,1,USD,726.100086,28.5302,20715.78
2026-02-19,17,2,USD,830.911915,124.5799,103514.92
2026-02-19,17,3,USD,783.239943,107.224,83982.12
2026-02-19,18,1,USD,456.564073,23.1212,10556.31
2026-02-19,18,2,USD,445.773765,111.8133,49843.44
2026-02-19,18,3,USD,323.903472,35.056,11354.76
2026-02-19,19,1,USD,435.241955,196.9113,85704.06
2026-02-19,19,2,USD,402.565992,67.4872,27168.05
2026-02-19,19,3,USD,195.312484,35.5515,6943.65
2026-02-19,20,1,USD,254.291936,12.6345,3212.85
2026-02-19,20,2,USD,1091.624418,55.0585,60103.2
2026-02-19,20,3,USD,242.071104,233.0085,56404.62
2026-02-19,21,1,USD,288.402184,30.4094,8770.14
2026-02-19,21,2,USD,684.14733,20.7699,14209.67
2026-02-19,21,3,USD,1183.792768,126.1137,149292.49
2026-02-19,22,1,USD,57.658681,32.3706,1866.45
2026-02-19,22,2,USD,370.325831,245.33,90852.04
2026-02-19,22,3,USD,902.015316,240.0974,216571.53
2026-02-19,23,1,USD,600.2593,85.4734,51306.2
2026-02-19,23,2,USD,468.769569,95.401,44721.09
2026-02-19,23,3,USD,155.420268,171.9247,26720.58
2026-02-19,24,1,USD,397.581825,225.1627,89520.6
2026-02-19,24,2,USD,604.294083,130.5225,78873.97
2026-02-19,24,3,USD,930.072223,15.6845,14587.72
2026-02-19,25,1,USD,955.283156,124.4687,118902.85
2026-02-19,25,2,USD,1042.574822,18.978,19785.98
2026-02-19,25,3,USD,193.467603,173.7698,33618.83
2026-02-19,26,1,USD,94.503431,160.2287,15142.16
2026-02-19,26,2,USD,1143.381954,65.5768,74979.33
2026-02-19,26,3,USD,258.776636,173.5503,44910.76
2026-02-19,27,1,USD,169.035153,182.4531,30840.99
2026-02-19,27,2,USD,1192.099955,130.3888,155436.48
2026-02-19,27,3,USD,1190.734646,156.0973,185870.46
2026-02-19,28,1,USD,627.944505,194.4727,122118.06
2026-02-19,28,2,USD,536.976249,41.4874,22277.75
2026-02-19,28,3,USD,349.009907,159.633,55713.5
2026-02-19,29,1,USD,1128.169365,19.6031,22115.62
2026-02-19,29,2,USD,855.314977,173.8896,148730.38
2026-02-19,29,3,USD,286.932753,249.2823,71527.26
2026-02-19,30,1,USD,728.252453,239.9238,174725.1
2026-02-19,30,2,USD,680.281034,248.6571,169156.71
2026-02-19,30,3,USD,116.887252,13.586,1588.03
2026-02-19,31,1,USD,919.580777,84.2902,77511.65
2026-02-19,31,2,USD,1041.040411,201.3719,209636.29
2026-02-19,31,3,USD,1074.161813,129.7389,139360.57
2026-02-19,32,1,USD,545.769429,50.7322,27688.08
2026-02-19,32,2,USD,354.729815,26.3588,9350.25
2026-02-19,32,3,USD,691.813949,94.8084,65589.77
2026-02-19,33,1,USD,85.360704,180.5572,15412.49
2026-02-19,33,2,USD,552.889379,246.6744,136383.66
2026-02-19,33,3,USD,1174.180513,193.1551,226798.95
2026-02-19,34,1,USD,530.454466,231.7986,122958.6
2026-02-19,34,2,USD,1127.795364,243.2034,274283.67
2026-02-19,34,3,USD,585.910794,97.2333,56970.04
2026-02-19,35,1,USD,343.950081,108.168,37204.39
2026-02-19,35,2,USD,743.620204,173.3403,128899.35
2026-02-19,35,3,USD,528.993213,132.995,70353.45
2026-02-19,36,1,USD,749.558293,85.2749,63918.51
2026-02-19,36,2,USD,100.188658,109.1666,10937.26
2026-02-19,36,3,USD,540.110728,220.5781,119136.6
2026-02-19,37,1,USD,1189.497781,20.2421,24077.93
2026-02-19,37,2,USD,1172.917965,23.6941,27791.24
2026-02-19,37,3,USD,948.708766,177.9389,168812.19
2026-02-19,38,1,USD,672.960484,47.0949,31693.01
2026-02-19,38,2,USD,126.357609,100.1972,12660.68
2026-02-19,38,3,USD,684.160472,214.919,147039.08
2026-02-19,39,1,USD,267.661548,219.7981,58831.5
2026-02-19,39,2,USD,802.980674,93.7451,75275.5
2026-02-19,39,3,USD,562.186438,138.4278,77822.23
2026-02-19,40,1,USD,981.947694,36.1886,35535.31
2026-02-19,40,2,USD,216.328031,36.0036,7788.59
2026-02-19,40,3,USD,1151.457774,105.2668,121210.28
2026-02-19,41,1,USD,519.737275,106.3649,55281.8
2026-02-19,41,2,USD,77.365836,92.1817,7131.71
2026-02-19,41,3,USD,725.243305,61.0324,44263.34
2026-02-19,42,1,USD,889.541714,37.4383,33302.93
2026-02-19,42,2,USD,545.494375,140.8195,76816.25
2026-02-19,42,3,USD,1138.240416,44.9233,51133.52
2026-02-19,43,1,USD,256.164169,146.3696,37494.65
2026-02-19,43,2,USD,1185.372891,195.8093,232107.04
2026-02-19,43,3,USD,74.88031,204.0481,15279.18
2026-02-19,44,1,USD,947.470955,244.8546,231992.62
2026-02-19,44,2,USD,256.104997,60.7583,15560.5
2026-02-19,44,3,USD,27.531284,192.0679,5287.88
2026-02-19,45,1,USD,507.504418,70.4971,35777.59
2026-02-19,45,2,USD,211.326743,44.0171,9301.99
2026-02-19,45,3,USD,328.686381,29.6102,9732.47
2026-02-19,46,1,USD,1048.531068,118.341,124084.22
2026-02-19,46,2,USD,503.666233,61.3852,30917.65
2026-02-19,46,3,USD,1071.688067,54.1788,58062.77
2026-02-19,47,1,USD,64.490739,224.7896,14496.85
2026-02-19,47,2,USD,514.241153,241.2078,124038.98
2026-02-19,47,3,USD,356.285979,57.6653,20545.34
2026-02-19,48,1,USD,1130.329973,125.5901,141958.25
2026-02-19,48,2,USD,642.607549,198.1258,127317.13
2026-02-19,48,3,USD,1158.707801,114.8282,133052.33
2026-02-19,49,1,USD,1095.117381,146.876,160846.46
2026-02-19,49,2,USD,987.618837,144.618,142827.46
2026-02-19,49,3,USD,1072.535148,57.6544,61836.37
2026-02-19,50,1,USD,867.268419,148.8374,129081.98
2026-02-19,50,2,USD,173.540687,169.3751,29393.47
2026-02-19,50,3,USD,988.204586,186.2456,184048.76
2026-02-26,1,1,USD,990.281919,185.9504,184143.32
2026-02-26,1,2,USD,17.024134,225.1603,3833.16
2026-02-26,1,3,USD,1120.583279,129.867,145526.79
2026-02-26,2,1,USD,379.689405,200.084,75969.77
2026-02-26,2,2,USD,808.734373,73.0726,59096.32
2026-02-26,2,3,USD,866.743246,247.1773,214239.26
2026-02-26,3,1,USD,1131.988494,215.7441,244219.84
2026-02-26,3,2,USD,761.151664,163.3399,124326.44
2026-02-26,3,3,USD,694.05242,18.7566,13018.06
2026-02-26,4,1,USD,894.84905,55.0377,49250.43
2026-02-26,4,2,USD,835.735305,195.8523,163680.68
2026-02-26,4,3,USD,721.132031,61.8729,44618.53
2026-02-26,5,1,USD,251.715695,55.8782,14065.42
2026-02-26,5,2,USD,815.553891,239.2251,195100.96
2026-02-26,5,3,USD,444.307698,97.3107,43235.89
2026-02-26,6,1,USD,362.333365,83.6717,30317.05
2026-02-26,6,2,USD,982.861822,39.9389,39254.42
2026-02-26,6,3,USD,598.956796,249.7716,149602.4
2026-02-26,7,1,USD,496.864472,94.415,46911.46
2026-02-26,7,2,USD,993.823032,112.2038,111510.72
2026-02-26,7,3,USD,1168.884192,90.5984,105899.04
2026-02-26,8,1,USD,1111.618631,120.1177,133525.07
2026-02-26,8,2,USD,447.745784,142.6609,63875.82
2026-02-26,8,3,USD,195.188566,114.6103,22370.62
2026-02-26,9,1,USD,342.033522,168.3053,57566.05
2026-02-26,9,2,USD,816.338203,162.1857,132398.38
2026-02-26,9,3,USD,842.511147,235.0964,198071.34
2026-02-26,10,1,USD,1087.059321,33.814,36757.82
2026-02-26,10,2,USD,105.144219,210.9363,22178.73
2026-02-26,10,3,USD,107.565528,13.9424,1499.72
2026-02-26,11,1,USD,1118.996102,34.8821,39032.93
2026-02-26,11,2,USD,899.932415,159.7182,143735.59
2026-02-26,11,3,USD,653.680489,162.046,105926.31
2026-02-26,12,1,USD,604.033824,203.409,122865.92
2026-02-26,12,2,USD,801.252162,214.4093,171795.92
2026-02-26,12,3,USD,254.245352,196.4513,49946.83
2026-02-26,13,1,USD,661.905495,37.4803,24808.42
2026-02-26,13,2,USD,1027.611159,238.1324,244707.51
2026-02-26,13,3,USD,420.73642,200.5003,84357.78
2026-02-26,14,1,USD,556.736553,227.9185,126890.56
2026-02-26,14,2,USD,773.831299,198.3124,153460.34
2026-02-26,14,3,USD,474.970266,235.508,111859.3
2026-02-26,15,1,USD,938.635265,131.8146,123725.83
2026-02-26,15,2,USD,321.130969,168.0836,53976.85
2026-02-26,15,3,USD,368.876024,226.6415,83602.62
2026-02-26,16,1,USD,1091.205252,171.5922,187242.31
2026-02-26,16,2,USD,4.989069,228.1742,1138.38
2026-02-26,16,3,USD,39.209533,16.2992,639.08
2026-02-26,17,1,USD,948.612154,211.7847,200901.54
2026-02-26,17,2,USD,622.755895,187.8989,117015.15
2026-02-26,17,3,USD,380.965155,50.8986,19390.59
2026-02-26,18,1,USD,686.624935,113.2047,77729.17
2026-02-26,18,2,USD,666.887498,103.927,69307.62
2026-02-26,18,3,USD,739.5215,104.3963,77203.31
2026-02-26,19,1,USD,61.897193,233.6657,14463.25
2026-02-26,19,2,USD,514.922933,235.454,121240.66
2026-02-26,19,3,USD,468.494037,184.747,86552.87
2026-02-26,20,1,USD,483.742823,86.35,41771.19
2026-02-26,20,2,USD,190.132386,65.4327,12440.88
2026-02-26,20,3,USD,852.029834,40.3193,34353.25
2026-02-26,21,1,USD,142.047274,148.4641,21088.92
2026-02-26,21,2,USD,470.414613,192.9212,90752.95
2026-02-26,21,3,USD,1099.998435,210.9611,232056.88
2026-02-26,22,1,USD,190.863803,87.3771,16677.13
2026-02-26,22,2,USD,111.90531,16.1537,1807.68
2026-02-26,22,3,USD,13.845747,194.8077,2697.26
2026-02-26,23,1,USD,183.658335,158.3439,29081.18
2026-02-26,23,2,USD,652.406984,243.376,158780.2
2026-02-26,23,3,USD,686.152602,16.0696,11026.2
2026-02-26,24,1,USD,881.002997,246.0194,216743.83
2026-02-26,24,2,USD,761.355781,196.6215,149698.92
2026-02-26,24,3,USD,223.866206,166.6055,37297.34
2026-02-26,25,1,USD,266.106268,56.5189,15040.03
2026-02-26,25,2,USD,1008.548152,184.315,185890.55
2026-02-26,25,3,USD,968.516875,100.7457,97573.91
2026-02-26,26,1,USD,312.575668,22.4197,7007.85
2026-02-26,26,2,USD,99.556043,44.5047,4430.71
2026-02-26,26,3,USD,27.768987,246.3515,6840.93
2026-02-26,27,1,USD,1040.326856,36.6236,38100.51
2026-02-26,27,2,USD,1112.638831,39.4442,43887.15
2026-02-26,27,3,USD,170.202463,72.8787,12404.13
2026-02-26,28,1,USD,216.753236,28.5715,6192.97
2026-02-26,28,2,USD,1013.548336,229.0526,232155.88
2026-02-26,28,3,USD,249.566946,34.1612,8525.51
2026-02-26,29,1,USD,954.529748,109.2988,104328.96
2026-02-26,29,2,USD,583.820754,160.1639,93507.01
2026-02-26,29,3,USD,252.355167,110.7777,27955.32
2026-02-26,30,1,USD,1067.656225,162.0524,173016.25
2026-02-26,30,2,USD,541.054235,48.6649,26330.35
2026-02-26,30,3,USD,358.505979,226.8732,81335.4
2026-02-26,31,1,USD,791.599672,161.4912,127836.38
2026-02-26,31,2,USD,1025.770712,38.1297,39112.33
2026-02-26,31,3,USD,411.372542,93.2281,38351.48
2026-02-26,32,1,USD,1193.899259,153.9983,183858.46
2026-02-26,32,2,USD,6.017466,135.2197,813.68
2026-02-26,32,3,USD,305.401226,39.1825,11966.38
2026-02-26,33,1,USD,727.332929,138.629,100829.44
2026-02-26,33,2,USD,621.593906,192.6306,119738.01
2026-02-26,33,3,USD,259.567835,97.5738,25327.02
2026-02-26,34,1,USD,1078.286846,17.0794,18416.49
2026-02-26,34,2,USD,166.278024,30.0263,4992.71
2026-02-26,34,3,USD,829.922068,40.3793,33511.67
2026-02-26,35,1,USD,328.399779,57.817,18987.09
2026-02-26,35,2,USD,110.363811,179.9401,19858.88
2026-02-26,35,3,USD,782.309436,122.0905,95512.55
2026-02-26,36,1,USD,970.814078,114.6549,111308.59
2026-02-26,36,2,USD,1135.61481,231.3635,262739.82
2026-02-26,36,3,USD,300.111778,57.4903,17253.52
2026-02-26,37,1,USD,1015.242933,182.1751,184951.98
2026-02-26,37,2,USD,1154.245559,34.6947,40046.2
2026-02-26,37,3,USD,951.783879,151.0189,143737.35
2026-02-26,38,1,USD,198.783739,59.3996,11807.67
2026-02-26,38,2,USD,866.472418,114.0332,98806.62
2026-02-26,38,3,USD,535.389281,153.1191,81978.32
2026-02-26,39,1,USD,326.008709,86.4997,28199.66
2026-02-26,39,2,USD,129.070934,101.931,13156.33
2026-02-26,39,3,USD,239.664929,94.6997,22696.2
2026-02-26,40,1,USD,1077.473613,206.642,222651.3
2026-02-26,40,2,USD,539.284061,223.4679,120512.68
2026-02-26,40,3,USD,1149.716927,70.7353,81325.57
2026-02-26,41,1,USD,491.769918,154.9317,76190.75
2026-02-26,41,2,USD,1052.70251,238.0907,250638.68
2026-02-26,41,3,USD,636.597824,105.5936,67220.66
2026-02-26,42,1,USD,137.579943,204.1697,28089.66
2026-02-26,42,2,USD,515.264161,54.6196,28143.52
2026-02-26,42,3,USD,294.381774,61.6442,18146.93
2026-02-26,43,1,USD,445.992354,44.8095,19984.69
2026-02-26,43,2,USD,377.343474,12.3119,4645.82
2026-02-26,43,3,USD,825.950897,182.0326,150349.99
2026-02-26,44,1,USD,256.526912,146.1926,37502.34
2026-02-26,44,2,USD,385.873487,65.8357,25404.25
2026-02-26,44,3,USD,79.482171,78.0674,6204.97
2026-02-26,45,1,USD,254.610197,62.1912,15834.51
2026-02-26,45,2,USD,673.150441,181.9037,122448.56
2026-02-26,45,3,USD,1135.525273,203.7824,231400.07
2026-02-26,46,1,USD,805.61396,147.7476,119027.53
2026-02-26,46,2,USD,775.524137,173.7117,134717.62
2026-02-26,46,3,USD,522.24668,205.2147,107172.7
2026-02-26,47,1,USD,237.780495,21.9183,5211.74
2026-02-26,47,2,USD,592.721115,21.23,12583.47
2026-02-26,47,3,USD,329.298542,38.6222,12718.23
2026-02-26,48,1,USD,543.342127,154.3434,83861.27
2026-02-26,48,2,USD,709.405315,66.7413,47346.63
2026-02-26,48,3,USD,25.522437,14.2807,364.48
2026-02-26,49,1,USD,939.966764,148.1821,139286.25
2026-02-26,49,2,USD,5.576419,120.8252,673.77
2026-02-26,49,3,USD,157.269661,242.0449,38066.32
2026-02-26,50,1,USD,44.409834,138.0321,6129.98
2026-02-26,50,2,USD,633.01642,90.9736,57587.78
2026-02-26,50,3,USD,19.52675,122.7744,2397.39
2026-03-05,1,1,USD,995.820261,109.6189,109160.72
2026-03-05,1,2,USD,361.197927,86.1255,31108.35
2026-03-05,1,3,USD,414.989362,29.1441,12094.49
2026-03-05,2,1,USD,929.536122,128.5165,119460.73
2026-03-05,2,2,USD,56.487325,81.6265,4610.86
2026-03-05,2,3,USD,1180.760206,128.4008,151610.56
2026-03-05,3,1,USD,769.316563,228.5132,175798.99
2026-03-05,3,2,USD,1011.690772,235.0489,237796.8
2026-03-05,3,3,USD,123.292333,63.7634,7861.54
2026-03-05,4,1,USD,990.547836,43.2963,42887.06
2026-03-05,4,2,USD,1192.248446,216.7333,258399.94
2026-03-05,4,3,USD,869.104032,64.3219,55902.42
2026-03-05,5,1,USD,105.620064,183.7859,19411.48
2026-03-05,5,2,USD,974.73839,205.8754,200674.66
2026-03-05,5,3,USD,645.070043,11.1859,7215.69
2026-03-05,6,1,USD,825.8895,22.5978,18663.29
2026-03-05,6,2,USD,1059.983216,20.3383,21558.26
2026-03-05,6,3,USD,57.604068,83.0296,4782.84
2026-03-05,7,1,USD,316.472557,175.1012,55414.72
2026-03-05,7,2,USD,949.953396,101.0936,96034.21
2026-03-05,7,3,USD,838.397796,231.966,194479.78
2026-03-05,8,1,USD,700.143845,38.7763,27148.99
2026-03-05,8,2,USD,383.199217,45.5204,17443.38
2026-03-05,8,3,USD,700.956361,214.0369,150030.53
2026-03-05,9,1,USD,1074.572489,162.8569,175001.54
2026-03-05,9,2,USD,801.882301,135.2233,108433.17
2026-03-05,9,3,USD,288.628136,124.7024,35992.62
2026-03-05,10,1,USD,588.124609,77.33,45479.68
2026-03-05,10,2,USD,927.172769,125.8495,116684.23
2026-03-05,10,3,USD,110.159247,193.8885,21358.61
2026-03-05,11,1,USD,853.657652,94.7223,80860.42
2026-03-05,11,2,USD,1002.650516,68.1703,68350.99
2026-03-05,11,3,USD,776.561127,215.4072,167276.86
2026-03-05,12,1,USD,833.958078,28.0347,23379.76
2026-03-05,12,2,USD,593.5269,60.9941,36201.64
2026-03-05,12,3,USD,804.598745,122.3561,98447.56
2026-03-05,13,1,USD,462.072267,127.0349,58699.3
2026-03-05,13,2,USD,408.540167,205.3589,83897.36
2026-03-05,13,3,USD,913.923039,133.3426,121864.87
2026-03-05,14,1,USD,376.030833,236.6515,88988.26
2026-03-05,14,2,USD,850.214834,167.2694,142214.93
2026-03-05,14,3,USD,1017.368375,35.3585,35972.62
2026-03-05,15,1,USD,156.072613,230.0073,35897.84
2026-03-05,15,2,USD,462.690899,118.5837,54867.6
2026-03-05,15,3,USD,744.573663,58.725,43725.09
2026-03-05,16,1,USD,480.245887,26.4734,12713.74
2026-03-05,16,2,USD,507.71278,174.7038,88699.35
2026-03-05,16,3,USD,1141.793515,148.5381,169599.84
2026-03-05,17,1,USD,122.47722,120.629,14774.3
2026-03-05,17,2,USD,128.608067,36.4478,4687.48
2026-03-05,17,3,USD,19.905522,120.6032,2400.67
2026-03-05,18,1,USD,320.108003,124.2977,39788.69
2026-03-05,18,2,USD,637.062491,94.4696,60183.04
2026-03-05,18,3,USD,141.991433,142.073,20173.15
2026-03-05,19,1,USD,425.312201,60.8958,25899.73
2026-03-05,19,2,USD,476.313601,113.4036,54015.68
2026-03-05,19,3,USD,400.487406,115.9217,46425.18
2026-03-05,20,1,USD,443.73681,21.7923,9670.05
2026-03-05,20,2,USD,459.027035,232.7248,106826.97
2026-03-05,20,3,USD,232.717952,55.4679,12908.38
2026-03-05,21,1,USD,211.974125,76.2222,16157.13
2026-03-05,21,2,USD,728.937761,134.4684,98019.09
2026-03-05,21,3,USD,131.021473,21.9691,2878.42
2026-03-05,22,1,USD,298.733094,36.6599,10951.53
2026-03-05,22,2,USD,138.225487,224.814,31075.02
2026-03-05,22,3,USD,690.276604,67.3041,46458.45
2026-03-05,23,1,USD,638.55807,76.1103,48600.85
2026-03-05,23,2,USD,1059.120348,177.8829,188399.4
2026-03-05,23,3,USD,485.471279,104.2925,50631.01
2026-03-05,24,1,USD,263.865957,207.7765,54825.15
2026-03-05,24,2,USD,830.020543,128.8412,106940.84
2026-03-05,24,3,USD,205.234943,58.8581,12079.74
2026-03-05,25,1,USD,764.279055,179.4048,137115.33
2026-03-05,25,2,USD,345.574359,10.7456,3713.4
2026-03-05,25,3,USD,222.094591,227.8678,50608.21
2026-03-05,26,1,USD,746.54202,187.3818,139888.39
2026-03-05,26,2,USD,1023.076727,175.1046,179145.44
2026-03-05,26,3,USD,204.279089,173.5462,35451.86
2026-03-05,27,1,USD,199.974545,89.7173,17941.18
2026-03-05,27,2,USD,546.259583,240.9383,131614.86
2026-03-05,27,3,USD,799.237655,112.7014,90075.2
2026-03-05,28,1,USD,24.992217,243.849,6094.33
2026-03-05,28,2,USD,1057.509033,50.974,53905.47
2026-03-05,28,3,USD,912.312903,12.3361,11254.38
2026-03-05,29,1,USD,422.572374,123.7192,52280.32
2026-03-05,29,2,USD,1.207767,219.5724,265.19
2026-03-05,29,3,USD,567.081893,20.8424,11819.35
2026-03-05,30,1,USD,20.868986,173.2111,3614.74
2026-03-05,30,2,USD,348.790284,64.789,22597.77
2026-03-05,30,3,USD,603.775765,191.1982,115440.84
2026-03-05,31,1,USD,930.307863,33.9982,31628.79
2026-03-05,31,2,USD,964.671142,90.5626,87363.13
2026-03-05,31,3,USD,588.79422,94.1875,55457.06
2026-03-05,32,1,USD,654.858088,169.218,110813.78
2026-03-05,32,2,USD,304.244215,120.1002,36539.79
2026-03-05,32,3,USD,993.299374,82.2722,81720.92
2026-03-05,33,1,USD,400.486644,134.2795,53777.15
2026-03-05,33,2,USD,796.724428,217.6307,173391.69
2026-03-05,33,3,USD,1012.436544,126.2452,127815.25
2026-03-05,34,1,USD,323.924935,134.6341,43611.34
2026-03-05,34,2,USD,767.760372,45.4961,34930.1
2026-03-05,34,3,USD,492.382737,62.8613,30951.82
2026-03-05,35,1,USD,1192.904477,95.7267,114192.81
2026-03-05,35,2,USD,37.08561,148.6202,5511.67
2026-03-05,35,3,USD,834.967303,113.3729,94662.66
2026-03-05,36,1,USD,247.569025,31.4258,7780.05
2026-03-05,36,2,USD,1104.776707,100.6668,111214.34
2026-03-05,36,3,USD,129.51799,75.7417,9809.91
2026-03-05,37,1,USD,752.270049,140.7799,105904.5
2026-03-05,37,2,USD,1094.868542,246.9596,270388.3
2026-03-05,37,3,USD,1051.311408,51.9885,54656.1
2026-03-05,38,1,USD,1092.392802,93.7228,102382.11
2026-03-05,38,2,USD,397.434804,151.3955,60169.84
2026-03-05,38,3,USD,1134.3198,76.2993,86547.81
2026-03-05,39,1,USD,228.687197,149.084,34093.6
2026-03-05,39,2,USD,842.202762,210.2012,177032.03
2026-03-05,39,3,USD,147.553516,200.8799,29640.54
2026-03-05,40,1,USD,679.994917,200.2061,136139.13
2026-03-05,40,2,USD,416.397377,36.4457,15175.89
2026-03-05,40,3,USD,10.001855,232.5359,2325.79
2026-03-05,41,1,USD,176.557307,173.4215,30618.83
2026-03-05,41,2,USD,627.823403,79.5476,49941.84
2026-03-05,41,3,USD,669.769019,49.0256,32835.83
2026-03-05,42,1,USD,584.189757,25.508,14901.51
2026-03-05,42,2,USD,353.672075,118.926,42060.81
2026-03-05,42,3,USD,260.790363,208.1129,54273.84
2026-03-05,43,1,USD,148.122919,127.2079,18842.41
2026-03-05,43,2,USD,6.108297,94.5413,577.49
2026-03-05,43,3,USD,1000.932062,21.9765,21996.98
2026-03-05,44,1,USD,165.262541,220.8933,36505.39
2026-03-05,44,2,USD,942.315959,130.4784,122951.88
2026-03-05,44,3,USD,1150.229151,144.5798,166299.9
2026-03-05,45,1,USD,1144.422305,181.1673,207331.9
2026-03-05,45,2,USD,171.173108,185.9328,31826.7
2026-03-05,45,3,USD,518.460941,230.3824,119444.28
2026-03-05,46,1,USD,348.962431,17.7128,6181.1
2026-03-05,46,2,USD,1119.521716,69.6948,78024.84
2026-03-05,46,3,USD,814.200332,102.6978,83616.58
2026-03-05,47,1,USD,478.936323,226.9991,108718.11
2026-03-05,47,2,USD,1071.640369,230.8466,247384.54
2026-03-05,47,3,USD,716.446551,51.5925,36963.27
2026-03-05,48,1,USD,522.979525,220.2238,115172.54
2026-03-05,48,2,USD,965.2563,43.4023,41894.34
2026-03-05,48,3,USD,921.19243,70.0049,64487.98
2026-03-05,49,1,USD,499.574765,57.8856,28918.19
2026-03-05,49,2,USD,365.995315,81.3602,29777.45
2026-03-05,49,3,USD,1112.542379,120.6771,134258.39
2026-03-05,50,1,USD,220.046607,197.7774,43520.25
2026-03-05,50,2,USD,1000.622816,33.0502,33070.78
2026-03-05,50,3,USD,631.885676,176.592,111585.96
2026-03-12,1,1,USD,604.578208,174.4392,105462.14
2026-03-12,1,2,USD,429.07079,95.0065,40764.51
2026-03-12,1,3,USD,559.86307,240.7473,134785.52
2026-03-12,2,1,USD,553.540778,229.014,126768.59
2026-03-12,2,2,USD,31.706544,194.0247,6151.85
2026-03-12,2,3,USD,106.114785,43.7405,4641.51
2026-03-12,3,1,USD,1088.21854,198.7917,216328.81
2026-03-12,3,2,USD,696.386902,99.5467,69323.02
2026-03-12,3,3,USD,745.067691,225.979,168369.65
2026-03-12,4,1,USD,1053.366282,22.8486,24067.94
2026-03-12,4,2,USD,1014.128811,40.2246,40792.93
2026-03-12,4,3,USD,804.095078,121.0739,97354.93
2026-03-12,5,1,USD,915.594621,134.322,122984.5
2026-03-12,5,2,USD,1007.037646,30.3182,30531.57
2026-03-12,5,3,USD,324.209814,246.6816,79976.6
2026-03-12,6,1,USD,128.4587,152.6415,19608.13
2026-03-12,6,2,USD,986.32816,145.7064,143714.33
2026-03-12,6,3,USD,828.711483,217.4354,180191.21
2026-03-12,7,1,USD,145.731217,150.3082,21904.6
2026-03-12,7,2,USD,612.985045,182.0683,111605.15
2026-03-12,7,3,USD,841.887199,133.9034,112731.56
2026-03-12,8,1,USD,674.459103,242.1468,163318.11
2026-03-12,8,2,USD,163.6833,224.8126,36798.07
2026-03-12,8,3,USD,767.601754,47.1461,36189.43
2026-03-12,9,1,USD,753.887355,182.5941,137655.38
2026-03-12,9,2,USD,1123.83745,203.348,228530.1
2026-03-12,9,3,USD,748.396707,58.168,43532.74
2026-03-12,10,1,USD,80.570474,46.7253,3764.68
2026-03-12,10,2,USD,1055.878876,134.7574,142287.49
2026-03-12,10,3,USD,296.647303,34.8657,10342.82
2026-03-12,11,1,USD,29.587661,131.3931,3887.61
2026-03-12,11,2,USD,468.856672,232.2507,108892.29
2026-03-12,11,3,USD,359.90851,126.0927,45381.84
2026-03-12,12,1,USD,220.852731,66.3827,14660.8
2026-03-12,12,2,USD,1017.273944,72.4652,73716.96
2026-03-12,12,3,USD,735.312069,115.3912,84848.54
2026-03-12,13,1,USD,789.791184,39.5672,31249.83
2026-03-12,13,2,USD,175.495645,15.1979,2667.17
2026-03-12,13,3,USD,170.023422,188.7036,32084.03
2026-03-12,14,1,USD,288.818274,132.7636,38344.55
2026-03-12,14,2,USD,839.554395,58.0842,48764.85
2026-03-12,14,3,USD,576.559758,79.4678,45817.94
2026-03-12,15,1,USD,120.023623,151.3033,18159.97
2026-03-12,15,2,USD,440.807289,76.0435,33520.53
2026-03-12,15,3,USD,462.984947,201.9652,93506.85
2026-03-12,16,1,USD,556.756438,205.2385,114267.86
2026-03-12,16,2,USD,177.799836,78.0213,13872.17
2026-03-12,16,3,USD,144.151797,103.4631,14914.39
2026-03-12,17,1,USD,696.645689,18.1801,12665.09
2026-03-12,17,2,USD,780.506792,167.7259,130911.2
2026-03-12,17,3,USD,533.375261,227.946,121580.76
2026-03-12,18,1,USD,425.672248,43.4328,18488.14
2026-03-12,18,2,USD,1058.909026,120.004,127073.32
2026-03-12,18,3,USD,10.944074,47.9955,525.27
2026-03-12,19,1,USD,600.766055,216.6453,130153.14
2026-03-12,19,2,USD,252.936167,226.6121,57318.4
2026-03-12,19,3,USD,630.06678,133.1308,83881.29
2026-03-12,20,1,USD,209.396255,46.3367,9702.73
2026-03-12,20,2,USD,787.120063,145.1555,114254.81
2026-03-12,20,3,USD,551.378093,216.0793,119141.39
2026-03-12,21,1,USD,168.047156,198.3906,33338.98
2026-03-12,21,2,USD,790.132734,231.6345,183022.0
2026-03-12,21,3,USD,81.852131,211.4381,17306.66
2026-03-12,22,1,USD,580.493594,241.0132,139906.62
2026-03-12,22,2,USD,727.010158,53.2899,38742.3
2026-03-12,22,3,USD,850.20022,131.6753,111950.37
2026-03-12,23,1,USD,790.68612,72.2142,57098.77
2026-03-12,23,2,USD,837.322447,151.3245,126707.4
2026-03-12,23,3,USD,696.869663,150.2784,104724.46
2026-03-12,24,1,USD,995.863522,26.2168,26108.35
2026-03-12,24,2,USD,35.426213,185.8906,6585.4
2026-03-12,24,3,USD,278.045172,169.6626,47173.87
2026-03-12,25,1,USD,599.320685,173.0373,103704.83
2026-03-12,25,2,USD,388.391257,65.5683,25466.15
2026-03-12,25,3,USD,926.091982,230.1444,213134.88
2026-03-12,26,1,USD,954.725917,35.3036,33705.26
2026-03-12,26,2,USD,1056.906493,184.7592,195273.2
2026-03-12,26,3,USD,460.900156,243.5967,112273.76
2026-03-12,27,1,USD,1106.850958,24.8624,27518.97
2026-03-12,27,2,USD,300.580619,18.9804,5705.14
2026-03-12,27,3,USD,899.92193,115.9668,104361.07
2026-03-12,28,1,USD,449.186536,161.5106,72548.39
2026-03-12,28,2,USD,35.351344,51.7761,1830.35
2026-03-12,28,3,USD,129.193208,117.8823,15229.59
2026-03-12,29,1,USD,159.85997,162.975,26053.18
2026-03-12,29,2,USD,667.761864,56.9723,38043.93
2026-03-12,29,3,USD,589.323623,172.9238,101908.08
2026-03-12,30,1,USD,270.595847,188.1169,50903.65
2026-03-12,30,2,USD,520.87561,136.8471,71280.32
2026-03-12,30,3,USD,948.005061,30.6444,29051.05
2026-03-12,31,1,USD,29.091665,240.3598,6992.47
2026-03-12,31,2,USD,115.447338,17.9774,2075.44
2026-03-12,31,3,USD,168.675112,11.2567,1898.73
2026-03-12,32,1,USD,929.262806,146.3908,136035.53
2026-03-12,32,2,USD,1037.389389,91.7707,95201.95
2026-03-12,32,3,USD,818.833447,239.8585,196404.16
2026-03-12,33,1,USD,873.940226,136.7571,119517.53
2026-03-12,33,2,USD,228.164281,59.7939,13642.83
2026-03-12,33,3,USD,993.090887,130.2041,129304.51
2026-03-12,34,1,USD,427.782231,225.9414,96653.72
2026-03-12,34,2,USD,1024.10592,202.383,207261.63
2026-03-12,34,3,USD,526.653675,160.113,84324.1
2026-03-12,35,1,USD,1048.772282,146.5966,153746.45
2026-03-12,35,2,USD,152.630861,134.1392,20473.78
2026-03-12,35,3,USD,121.095605,129.6909,15705.0
2026-03-12,36,1,USD,61.774811,139.7291,8631.74
2026-03-12,36,2,USD,27.050974,207.1187,5602.76
2026-03-12,36,3,USD,347.875776,208.7556,72621.02
2026-03-12,37,1,USD,468.511692,95.8972,44928.96
2026-03-12,37,2,USD,1046.931042,47.8871,50134.49
2026-03-12,37,3,USD,345.682795,138.2617,47794.69
2026-03-12,38,1,USD,289.678081,134.2623,38892.85
2026-03-12,38,2,USD,733.496828,84.9374,62301.31
2026-03-12,38,3,USD,742.373899,141.026,104694.02
2026-03-12,39,1,USD,1070.170052,149.8654,160381.46
2026-03-12,39,2,USD,1124.312263,246.3841,277012.67
2026-03-12,39,3,USD,783.878401,17.7459,13910.63
2026-03-12,40,1,USD,505.686837,58.1227,29391.88
2026-03-12,40,2,USD,1065.633638,24.2541,25845.98
2026-03-12,40,3,USD,245.079969,206.023,50492.11
2026-03-12,41,1,USD,395.531004,191.7627,75848.09
2026-03-12,41,2,USD,1094.783448,24.9588,27324.48
2026-03-12,41,3,USD,592.266137,203.3589,120442.59
2026-03-12,42,1,USD,676.627438,156.4004,105824.8
2026-03-12,42,2,USD,1002.004147,203.797,204205.44
2026-03-12,42,3,USD,415.014687,26.9831,11198.38
2026-03-12,43,1,USD,499.48821,187.4295,93618.83
2026-03-12,43,2,USD,1115.236304,223.0045,248702.71
2026-03-12,43,3,USD,574.525782,41.0715,23596.64
2026-03-12,44,1,USD,867.99573,34.9747,30357.89
2026-03-12,44,2,USD,595.916064,64.0588,38173.67
2026-03-12,44,3,USD,420.30922,124.6222,52379.86
2026-03-12,45,1,USD,937.850206,220.348,206653.42
2026-03-12,45,2,USD,273.306164,233.4992,63816.77
2026-03-12,45,3,USD,31.624583,197.6374,6250.2
2026-03-12,46,1,USD,235.409139,155.9533,36712.83
2026-03-12,46,2,USD,455.266068,174.0628,79244.89
2026-03-12,46,3,USD,21.713837,125.7216,2729.9
2026-03-12,47,1,USD,464.549748,100.5347,46703.37
2026-03-12,47,2,USD,150.284872,178.3211,26798.96
2026-03-12,47,3,USD,659.453909,37.74,24887.79
2026-03-12,48,1,USD,141.591068,157.7568,22336.95
2026-03-12,48,2,USD,1084.261549,94.4294,102386.17
2026-03-12,48,3,USD,411.750765,230.3365,94841.23
2026-03-12,49,1,USD,285.80425,32.0778,9167.97
2026-03-12,49,2,USD,12.05958,109.1357,1316.13
2026-03-12,49,3,USD,903.082876,203.8564,184099.22
2026-03-12,50,1,USD,643.461089,20.9871,13504.38
2026-03-12,50,2,USD,962.120515,219.5814,211263.77
2026-03-12,50,3,USD,299.906881,23.6521,7093.43
2026-03-19,1,1,USD,67.985506,115.2534,7835.56
2026-03-19,1,2,USD,339.115173,85.3902,28957.11
2026-03-19,1,3,USD,722.899216,223.7019,161713.93
2026-03-19,2,1,USD,1197.706571,41.1319,49263.95
2026-03-19,2,2,USD,477.382381,167.8199,80114.26
2026-03-19,2,3,USD,787.90834,28.3307,22321.99
2026-03-19,3,1,USD,1126.044171,59.4066,66894.46
2026-03-19,3,2,USD,846.306223,205.222,173680.66
2026-03-19,3,3,USD,1077.168211,216.1024,232778.64
2026-03-19,4,1,USD,532.250205,82.6525,43991.81
2026-03-19,4,2,USD,440.320362,142.3374,62674.06
2026-03-19,4,3,USD,1042.765131,68.6094,71543.49
2026-03-19,5,1,USD,1071.574172,86.5261,92719.13
2026-03-19,5,2,USD,649.703009,35.0508,22772.61
2026-03-19,5,3,USD,415.962543,108.6001,45173.57
2026-03-19,6,1,USD,1140.676149,126.6898,144512.03
2026-03-19,6,2,USD,94.135292,228.8918,21546.8
2026-03-19,6,3,USD,1009.710422,135.0388,136350.08
2026-03-19,7,1,USD,365.927041,142.7118,52222.11
2026-03-19,7,2,USD,147.29766,183.9786,27099.62
2026-03-19,7,3,USD,945.528067,18.6082,17594.58
2026-03-19,8,1,USD,282.126293,115.6666,32632.59
2026-03-19,8,2,USD,917.030377,238.7308,218923.4
2026-03-19,8,3,USD,25.54758,210.718,5383.33
2026-03-19,9,1,USD,324.358287,151.1776,49035.71
2026-03-19,9,2,USD,360.495417,241.6232,87104.06
2026-03-19,9,3,USD,71.66405,215.0978,15414.78
2026-03-19,10,1,USD,460.723512,14.5236,6691.36
2026-03-19,10,2,USD,459.105817,116.5647,53515.53
2026-03-19,10,3,USD,269.338142,101.0385,27213.52
2026-03-19,11,1,USD,791.910834,137.7981,109123.81
2026-03-19,11,2,USD,792.482948,17.5135,13879.15
2026-03-19,11,3,USD,915.595573,234.9337,215104.26
2026-03-19,12,1,USD,1092.064803,191.0747,208665.95
2026-03-19,12,2,USD,403.461956,208.7578,84225.83
2026-03-19,12,3,USD,315.039287,190.7964,60108.36
2026-03-19,13,1,USD,259.852979,16.5628,4303.89
2026-03-19,13,2,USD,870.943539,159.1673,138625.73
2026-03-19,13,3,USD,1038.89075,197.827,205520.64
2026-03-19,14,1,USD,1114.279771,190.5762,212355.2
2026-03-19,14,2,USD,968.876035,142.7906,138346.39
2026-03-19,14,3,USD,1142.968312,233.7934,267218.45
2026-03-19,15,1,USD,344.902171,247.8139,85471.55
2026-03-19,15,2,USD,641.713656,111.7204,71692.51
2026-03-19,15,3,USD,863.064235,194.563,167920.37
2026-03-19,16,1,USD,312.12085,240.4732,75056.7
2026-03-19,16,2,USD,560.798968,248.2271,139205.5
2026-03-19,16,3,USD,285.872288,227.851,65136.29
2026-03-19,17,1,USD,336.840157,173.8237,58550.8
2026-03-19,17,2,USD,329.271386,249.7135,82223.51
2026-03-19,17,3,USD,925.607045,80.998,74972.32
2026-03-19,18,1,USD,685.299159,19.2655,13202.63
2026-03-19,18,2,USD,329.123858,74.4994,24519.53
2026-03-19,18,3,USD,300.615932,166.7275,50120.94
2026-03-19,19,1,USD,925.876715,12.9614,12000.66
2026-03-19,19,2,USD,368.274187,168.5864,62086.02
2026-03-19,19,3,USD,1003.199756,213.4222,214105.1
2026-03-19,20,1,USD,532.570423,14.144,7532.68
2026-03-19,20,2,USD,10.644842,18.8809,200.98
2026-03-19,20,3,USD,430.468382,163.0583,70191.44
2026-03-19,21,1,USD,667.930092,108.0666,72180.93
2026-03-19,21,2,USD,695.484387,29.0913,20232.54
2026-03-19,21,3,USD,1076.45314,142.3475,153230.41
2026-03-19,22,1,USD,1143.951944,115.7055,132361.53
2026-03-19,22,2,USD,309.60835,198.8166,61555.28
2026-03-19,22,3,USD,311.448963,128.7829,40109.3
2026-03-19,23,1,USD,272.902703,51.8789,14157.89
2026-03-19,23,2,USD,1045.487019,167.4348,175050.91
2026-03-19,23,3,USD,279.206945,167.1042,46656.65
2026-03-19,24,1,USD,221.106592,131.6126,29100.41
2026-03-19,24,2,USD,528.370657,86.1603,45524.57
2026-03-19,24,3,USD,664.089272,64.7086,42972.29
2026-03-19,25,1,USD,1142.044551,248.0731,283310.53
2026-03-19,25,2,USD,1170.338794,13.8684,16230.73
2026-03-19,25,3,USD,1013.917081,213.8578,216834.08
2026-03-19,26,1,USD,648.529625,20.7359,13447.85
2026-03-19,26,2,USD,281.636232,36.1992,10195.01
2026-03-19,26,3,USD,608.325527,37.1638,22607.69
2026-03-19,27,1,USD,92.94027,58.9701,5480.7
2026-03-19,27,2,USD,684.439072,208.9931,143043.04
2026-03-19,27,3,USD,817.219514,27.1344,22174.76
2026-03-19,28,1,USD,511.770396,77.9403,39887.54
2026-03-19,28,2,USD,29.633522,155.672,4613.11
2026-03-19,28,3,USD,432.344335,244.0237,105502.26
2026-03-19,29,1,USD,1076.870671,99.9317,107613.52
2026-03-19,29,2,USD,1130.975461,80.5751,91128.46
2026-03-19,29,3,USD,37.388886,98.3925,3678.79
2026-03-19,30,1,USD,349.04716,46.0152,16061.47
2026-03-19,30,2,USD,709.472922,35.4957,25183.24
2026-03-19,30,3,USD,253.775577,85.1454,21607.82
2026-03-19,31,1,USD,858.921565,188.0904,161554.9
2026-03-19,31,2,USD,940.160578,181.0817,170245.88
2026-03-19,31,3,USD,1127.927803,100.9215,113832.17
2026-03-19,32,1,USD,699.223495,167.6942,117255.72
2026-03-19,32,2,USD,180.089623,193.0268,34762.12
2026-03-19,32,3,USD,779.054493,239.243,186383.33
2026-03-19,33,1,USD,1150.350201,248.1567,285467.11
2026-03-19,33,2,USD,678.482862,249.4751,169264.58
2026-03-19,33,3,USD,756.38925,186.1483,140800.57
2026-03-19,34,1,USD,646.760861,39.0982,25287.19
2026-03-19,34,2,USD,1054.175525,201.5693,212489.42
2026-03-19,34,3,USD,728.522412,168.2075,122542.93
2026-03-19,35,1,USD,624.403198,86.0654,53739.51
2026-03-19,35,2,USD,234.028314,148.0585,34649.88
2026-03-19,35,3,USD,1093.283426,88.8843,97175.73
2026-03-19,36,1,USD,958.807144,244.5939,234518.38
2026-03-19,36,2,USD,277.068843,85.5559,23704.87
2026-03-19,36,3,USD,1166.876222,176.3376,205764.15
2026-03-19,37,1,USD,534.008983,239.8261,128069.29
2026-03-19,37,2,USD,491.910976,29.1256,14327.2
2026-03-19,37,3,USD,672.548555,28.3465,19064.4
2026-03-19,38,1,USD,434.756395,126.1971,54865.0
2026-03-19,38,2,USD,276.419802,198.713,54928.21
2026-03-19,38,3,USD,275.715964,208.6771,57535.61
2026-03-19,39,1,USD,1184.093965,232.1721,274913.58
2026-03-19,39,2,USD,293.932716,228.2238,67082.44
2026-03-19,39,3,USD,808.926152,169.8166,137369.09
2026-03-19,40,1,USD,726.654797,201.0054,146061.54
2026-03-19,40,2,USD,409.886163,38.3114,15703.31
2026-03-19,40,3,USD,490.203349,131.2062,64317.72
2026-03-19,41,1,USD,178.07829,128.6081,22902.31
2026-03-19,41,2,USD,1057.72949,57.545,60867.04
2026-03-19,41,3,USD,215.898852,118.9766,25686.91
2026-03-19,42,1,USD,200.125132,110.4701,22107.84
2026-03-19,42,2,USD,918.611469,180.7316,166022.12
2026-03-19,42,3,USD,563.832322,34.2389,19305.0
2026-03-19,43,1,USD,1043.350554,210.1261,219235.18
2026-03-19,43,2,USD,28.717756,50.0646,1437.74
2026-03-19,43,3,USD,87.617649,133.5753,11703.55
2026-03-19,44,1,USD,635.171618,103.1474,65516.3
2026-03-19,44,2,USD,506.830424,40.5887,20571.59
2026-03-19,44,3,USD,836.314439,67.9444,56822.88
2026-03-19,45,1,USD,352.07027,90.834,31979.95
2026-03-19,45,2,USD,989.658701,90.7937,89854.78
2026-03-19,45,3,USD,730.508929,35.8652,26199.85
2026-03-19,46,1,USD,866.615501,27.7006,24005.77
2026-03-19,46,2,USD,1104.868451,237.9806,262937.26
2026-03-19,46,3,USD,1092.80907,161.3997,176379.06
2026-03-19,47,1,USD,888.836975,114.5656,101830.14
2026-03-19,47,2,USD,909.192078,178.0273,161861.01
2026-03-19,47,3,USD,880.131762,183.6898,161671.23
2026-03-19,48,1,USD,707.469758,206.8255,146322.79
2026-03-19,48,2,USD,611.248783,46.5415,28448.44
2026-03-19,48,3,USD,9.340494,152.3316,1422.85
2026-03-19,49,1,USD,808.688509,118.8465,96109.8
2026-03-19,49,2,USD,384.524251,52.4133,20154.18
2026-03-19,49,3,USD,867.039823,77.0319,66789.72
2026-03-19,50,1,USD,927.607585,65.7433,60983.98
2026-03-19,50,2,USD,591.95216,21.5891,12779.71
2026-03-19,50,3,USD,621.21317,136.0465,84513.88
2026-03-26,1,1,USD,609.873469,232.7305,141936.16
2026-03-26,1,2,USD,342.30864,102.1763,34975.83
2026-03-26,1,3,USD,908.760257,238.8433,217051.3
2026-03-26,2,1,USD,50.321315,236.8126,11916.72
2026-03-26,2,2,USD,1058.860999,185.4364,196351.37
2026-03-26,2,3,USD,516.645183,76.7815,39668.79
2026-03-26,3,1,USD,1055.500492,85.4482,90190.62
2026-03-26,3,2,USD,416.814738,49.7422,20733.28
2026-03-26,3,3,USD,345.411795,126.7926,43795.66
2026-03-26,4,1,USD,268.360036,50.637,13588.95
2026-03-26,4,2,USD,1127.045854,72.263,81443.71
2026-03-26,4,3,USD,727.40422,35.4687,25800.08
2026-03-26,5,1,USD,278.009504,76.8709,21370.84
2026-03-26,5,2,USD,115.171214,142.5192,16414.11
2026-03-26,5,3,USD,610.437805,50.5246,30842.13
2026-03-26,6,1,USD,718.069848,19.5388,14030.22
2026-03-26,6,2,USD,1068.773322,139.0998,148666.16
2026-03-26,6,3,USD,234.159198,127.2078,29786.88
2026-03-26,7,1,USD,986.87785,98.6897,97394.68
2026-03-26,7,2,USD,338.205027,237.4911,80320.68
2026-03-26,7,3,USD,511.803073,116.7579,59757.05
2026-03-26,8,1,USD,151.414444,118.9239,18006.8
2026-03-26,8,2,USD,1101.594232,181.9002,200380.21
2026-03-26,8,3,USD,1103.020404,38.7857,42781.42
2026-03-26,9,1,USD,1066.655708,128.3813,136938.65
2026-03-26,9,2,USD,104.236596,42.8363,4465.11
2026-03-26,9,3,USD,334.143839,170.4917,56968.75
2026-03-26,10,1,USD,1162.127489,202.8739,235765.34
2026-03-26,10,2,USD,893.133042,63.386,56612.13
2026-03-26,10,3,USD,89.220396,47.6145,4248.18
2026-03-26,11,1,USD,402.404597,118.8314,47818.3
2026-03-26,11,2,USD,882.626094,171.2996,151193.5
2026-03-26,11,3,USD,88.906205,175.105,15567.92
2026-03-26,12,1,USD,1070.727011,19.2056,20563.95
2026-03-26,12,2,USD,120.526564,179.2249,21601.36
2026-03-26,12,3,USD,625.556162,55.6957,34840.79
2026-03-26,13,1,USD,669.804344,211.0324,141350.42
2026-03-26,13,2,USD,751.296956,237.8038,178661.27
2026-03-26,13,3,USD,752.742058,69.0193,51953.73
2026-03-26,14,1,USD,703.612048,219.3076,154307.47
2026-03-26,14,2,USD,264.251462,56.9628,15052.5
2026-03-26,14,3,USD,564.138491,126.2817,71240.37
2026-03-26,15,1,USD,224.525828,129.2143,29011.95
2026-03-26,15,2,USD,158.150314,162.3455,25674.99
2026-03-26,15,3,USD,106.45405,133.9135,14255.63
2026-03-26,16,1,USD,867.940322,61.4054,53296.22
2026-03-26,16,2,USD,521.182538,127.7659,66589.36
2026-03-26,16,3,USD,733.460625,180.3977,132314.61
2026-03-26,17,1,USD,46.575276,175.1156,8156.06
2026-03-26,17,2,USD,736.053867,161.4463,118833.17
2026-03-26,17,3,USD,281.658944,93.6889,26388.32
2026-03-26,18,1,USD,636.553365,239.0405,152162.03
2026-03-26,18,2,USD,1053.46758,211.766,223088.62
2026-03-26,18,3,USD,1050.046888,170.3142,178837.9
2026-03-26,19,1,USD,588.266371,161.2066,94832.42
2026-03-26,19,2,USD,717.410529,140.4192,100738.21
2026-03-26,19,3,USD,354.500664,62.5433,22171.64
2026-03-26,20,1,USD,1155.502741,225.2364,260261.28
2026-03-26,20,2,USD,916.723942,110.7026,101483.72
2026-03-26,20,3,USD,536.607495,69.3751,37227.2
2026-03-26,21,1,USD,509.838341,52.2867,26657.76
2026-03-26,21,2,USD,1147.578633,168.5471,193421.05
2026-03-26,21,3,USD,417.094291,105.5414,44020.72
2026-03-26,22,1,USD,153.669439,221.7211,34071.76
2026-03-26,22,2,USD,1008.144994,217.3622,219132.61
2026-03-26,22,3,USD,721.27055,174.9333,126174.24
2026-03-26,23,1,USD,34.755057,74.3017,2582.36
2026-03-26,23,2,USD,258.127408,214.2372,55300.49
2026-03-26,23,3,USD,490.806985,144.9418,71138.45
2026-03-26,24,1,USD,387.830421,171.9974,66705.82
2026-03-26,24,2,USD,493.474901,204.1673,100751.44
2026-03-26,24,3,USD,510.239137,72.5679,37026.98
2026-03-26,25,1,USD,65.560039,126.5213,8294.74
2026-03-26,25,2,USD,262.737835,162.7039,42748.47
2026-03-26,25,3,USD,54.754242,117.4327,6429.94
2026-03-26,26,1,USD,265.572055,220.1493,58465.5
2026-03-26,26,2,USD,643.215718,197.0925,126772.99
2026-03-26,26,3,USD,132.378745,242.3814,32086.15
2026-03-26,27,1,USD,732.90168,41.0117,30057.54
2026-03-26,27,2,USD,647.720772,238.0669,154200.88
2026-03-26,27,3,USD,25.341232,101.0052,2559.6
2026-03-26,28,1,USD,936.520231,89.9891,84276.61
2026-03-26,28,2,USD,423.240761,193.8431,82042.3
2026-03-26,28,3,USD,76.157737,21.8117,1661.13
2026-03-26,29,1,USD,252.556071,138.5134,34982.4
2026-03-26,29,2,USD,1182.260756,211.1558,249641.22
2026-03-26,29,3,USD,474.631547,182.2769,86514.37
2026-03-26,30,1,USD,348.224981,48.737,16971.44
2026-03-26,30,2,USD,448.655939,109.2149,48999.91
2026-03-26,30,3,USD,663.541404,69.6889,46241.47
2026-03-26,31,1,USD,16.369066,212.9157,3485.23
2026-03-26,31,2,USD,906.146174,136.3733,123574.14
2026-03-26,31,3,USD,601.799185,199.9224,120313.14
2026-03-26,32,1,USD,50.742201,77.9415,3954.92
2026-03-26,32,2,USD,29.093235,161.5733,4700.69
2026-03-26,32,3,USD,825.684037,18.1067,14950.41
2026-03-26,33,1,USD,899.898471,205.119,184586.27
2026-03-26,33,2,USD,453.428084,106.1802,48145.08
2026-03-26,33,3,USD,981.955064,220.3892,216412.29
2026-03-26,34,1,USD,1034.380434,28.3665,29341.75
2026-03-26,34,2,USD,605.411596,178.8374,108270.24
2026-03-26,34,3,USD,879.166598,14.837,13044.19
2026-03-26,35,1,USD,891.182379,140.0075,124772.22
2026-03-26,35,2,USD,1102.769478,32.9336,36318.17
2026-03-26,35,3,USD,705.83495,103.8697,73314.86
2026-03-26,36,1,USD,997.766059,216.2327,215749.65
2026-03-26,36,2,USD,941.726109,112.0366,105507.79
2026-03-26,36,3,USD,892.180029,82.517,73620.02
2026-03-26,37,1,USD,550.686767,33.923,18680.95
2026-03-26,37,2,USD,1163.114867,148.2883,172476.33
2026-03-26,37,3,USD,451.89687,113.0883,51104.25
2026-03-26,38,1,USD,266.703549,107.5194,28675.81
2026-03-26,38,2,USD,334.26948,78.2615,26160.43
2026-03-26,38,3,USD,843.455355,131.5824,110983.88
2026-03-26,39,1,USD,458.890003,248.3569,113968.5
2026-03-26,39,2,USD,873.068944,238.3498,208095.81
2026-03-26,39,3,USD,915.24046,181.4989,166115.14
2026-03-26,40,1,USD,542.724424,148.6911,80698.29
2026-03-26,40,2,USD,29.870245,195.0894,5827.37
2026-03-26,40,3,USD,536.502344,124.4335,66758.86
2026-03-26,41,1,USD,130.738142,84.5464,11053.44
2026-03-26,41,2,USD,172.525511,161.1793,27807.54
2026-03-26,41,3,USD,100.361449,144.6125,14513.52
2026-03-26,42,1,USD,249.218183,236.1024,58841.01
2026-03-26,42,2,USD,712.091439,30.1333,21457.66
2026-03-26,42,3,USD,483.834087,211.1369,102155.23
2026-03-26,43,1,USD,628.086803,211.516,132850.41
2026-03-26,43,2,USD,912.697919,24.1439,22036.09
2026-03-26,43,3,USD,592.10129,108.8461,64447.92
2026-03-26,44,1,USD,888.613355,210.2376,186819.94
2026-03-26,44,2,USD,43.811652,175.3594,7682.79
2026-03-26,44,3,USD,718.476108,219.1427,157448.79
2026-03-26,45,1,USD,321.773875,60.2138,19375.23
2026-03-26,45,2,USD,674.891396,127.2945,85909.96
2026-03-26,45,3,USD,599.77856,240.2741,144111.25
2026-03-26,46,1,USD,282.887205,120.7293,34152.77
2026-03-26,46,2,USD,579.5956,143.1537,82971.25
2026-03-26,46,3,USD,887.62199,185.9366,165041.41
2026-03-26,47,1,USD,1105.47647,112.1685,123999.64
2026-03-26,47,2,USD,93.005333,40.5478,3771.16
2026-03-26,47,3,USD,16.349424,134.7854,2203.66
2026-03-26,48,1,USD,145.773225,57.3682,8362.75
2026-03-26,48,2,USD,1043.699008,37.2795,38908.58
2026-03-26,48,3,USD,1062.6034,128.8443,136910.39
2026-03-26,49,1,USD,751.397894,135.9014,102116.03
2026-03-26,49,2,USD,167.838467,219.8116,36892.84
2026-03-26,49,3,USD,501.776812,12.222,6132.72
2026-03-26,50,1,USD,141.099934,248.9786,35130.86
2026-03-26,50,2,USD,863.931593,221.2543,191148.58
2026-03-26,50,3,USD,325.329159,87.3727,28424.89
