commission_id,transaction_id,agent_id,fund_id,commission_date,commission_type,commission_rate,commission_amount,currency_code,created_at
1,1,3,2,2026-01-01,TRAIL,0.0025,120.08,USD,2026-01-01T11:00:00
2,2,1,3,2026-01-01,TRAIL,0.003,94.03,USD,2026-01-01T11:00:00
3,3,1,2,2026-01-01,TRAIL,0.003,32.27,USD,2026-01-01T11:00:00
4,4,2,3,2026-01-01,TRAIL,0.003,13.71,USD,2026-01-01T11:00:00
5,5,3,3,2026-01-01,TRAIL,0.0025,51.46,USD,2026-01-01T11:00:00
6,6,3,1,2026-01-01,TRAIL,0.005,58.62,USD,2026-01-01T11:00:00
7,7,3,3,2026-01-01,TRAIL,0.005,212.84,USD,2026-01-01T11:00:00
8,8,2,3,2026-01-01,TRAIL,0.005,150.89,USD,2026-01-01T11:00:00
9,9,2,3,2026-01-01,TRAIL,0.005,109.55,USD,2026-01-01T11:00:00
10,10,2,3,2026-01-01,TRAIL,0.004,92.21,USD,2026-01-01T11:00:00
11,11,1,3,2026-01-01,TRAIL,0.004,50.89,USD,2026-01-01T11:00:00
12,12,1,2,2026-01-02,TRAIL,0.003,82.4,USD,2026-01-02T11:00:00
13,13,1,3,2026-01-02,TRAIL,0.004,45.93,USD,2026-01-02T11:00:00
14,14,2,2,2026-01-02,TRAIL,0.0025,27.84,USD,2026-01-02T11:00:00
15,15,3,3,2026-01-02,TRAIL,0.005,6.44,USD,2026-01-02T11:00:00
16,16,3,3,2026-01-02,TRAIL,0.003,83.28,USD,2026-01-02T11:00:00
17,17,2,1,2026-01-02,TRAIL,0.005,123.98,USD,2026-01-02T11:00:00
18,18,3,1,2026-01-02,TRAIL,0.0025,115.14,USD,2026-01-02T11:00:00
19,19,3,3,2026-01-02,TRAIL,0.003,6.98,USD,2026-01-02T11:00:00
20,20,2,1,2026-01-02,TRAIL,0.004,78.3,USD,2026-01-02T11:00:00
21,21,3,2,2026-01-02,TRAIL,0.0025,119.02,USD,2026-01-02T11:00:00
22,22,2,1,2026-01-02,TRAIL,0.003,10.66,USD,2026-01-02T11:00:00
23,23,1,3,2026-01-03,TRAIL,0.0025,6.3,USD,2026-01-03T11:00:00
24,24,2,1,2026-01-03,TRAIL,0.003,72.61,USD,2026-01-03T11:00:00
25,25,2,3,2026-01-03,TRAIL,0.0025,47.69,USD,2026-01-03T11:00:00
26,26,1,1,2026-01-03,TRAIL,0.004,25.19,USD,2026-01-03T11:00:00
27,27,1,3,2026-01-03,TRAIL,0.003,58.17,USD,2026-01-03T11:00:00
28,28,1,3,2026-01-03,TRAIL,0.004,126.94,USD,2026-01-03T11:00:00
29,29,1,3,2026-01-03,TRAIL,0.0025,100.04,USD,2026-01-03T11:00:00
30,30,3,3,2026-01-03,TRAIL,0.004,76.63,USD,2026-01-03T11:00:00
31,31,3,2,2026-01-03,TRAIL,0.005,30.86,USD,2026-01-03T11:00:00
32,32,3,1,2026-01-03,TRAIL,0.004,147.82,USD,2026-01-03T11:00:00
33,33,2,3,2026-01-03,TRAIL,0.004,95.12,USD,2026-01-03T11:00:00
34,34,1,1,2026-01-03,TRAIL,0.003,15.74,USD,2026-01-03T11:00:00
35,35,3,2,2026-01-03,TRAIL,0.005,168.71,USD,2026-01-03T11:00:00
36,36,1,1,2026-01-03,TRAIL,0.004,73.55,USD,2026-01-03T11:00:00
37,37,2,3,2026-01-03,TRAIL,0.003,84.7,USD,2026-01-03T11:00:00
38,38,1,1,2026-01-03,TRAIL,0.005,124.7,USD,2026-01-03T11:00:00
39,39,2,3,2026-01-03,TRAIL,0.003,119.56,USD,2026-01-03T11:00:00
40,40,3,3,2026-01-03,TRAIL,0.004,134.14,USD,2026-01-03T11:00:00
41,41,1,3,2026-01-04,TRAIL,0.004,141.76,USD,2026-01-04T11:00:00
42,42,1,1,2026-01-04,TRAIL,0.003,49.39,USD,2026-01-04T11:00:00
43,43,2,1,2026-01-04,TRAIL,0.004,58.19,USD,2026-01-04T11:00:00
44,44,3,1,2026-01-04,TRAIL,0.003,56.05,USD,2026-01-04T11:00:00
45,45,1,1,2026-01-04,TRAIL,0.003,84.34,USD,2026-01-04T11:00:00
46,46,3,2,2026-01-04,TRAIL,0.005,8.01,USD,2026-01-04T11:00:00
47,47,1,2,2026-01-04,TRAIL,0.005,17.59,USD,2026-01-04T11:00:00
48,48,3,1,2026-01-04,TRAIL,0.0025,11.58,USD,2026-01-04T11:00:00
49,49,1,1,2026-01-04,TRAIL,0.003,142.52,USD,2026-01-04T11:00:00
50,50,3,3,2026-01-04,TRAIL,0.003,92.13,USD,2026-01-04T11:00:00
51,51,1,3,2026-01-04,TRAIL,0.005,227.58,USD,2026-01-04T11:00:00
52,52,2,3,2026-01-04,TRAIL,0.003,92.62,USD,2026-01-04T11:00:00
53,53,3,1,2026-01-04,TRAIL,0.0025,12.45,USD,2026-01-04T11:00:00
54,54,2,1,2026-01-04,TRAIL,0.0025,86.95,USD,2026-01-04T11:00:00
55,55,1,3,2026-01-05,TRAIL,0.003,129.36,USD,2026-01-05T11:00:00
56,56,3,3,2026-01-05,TRAIL,0.0025,100.98,USD,2026-01-05T11:00:00
57,57,2,1,2026-01-05,TRAIL,0.0025,113.78,USD,2026-01-05T11:00:00
58,58,3,1,2026-01-05,TRAIL,0.004,120.63,USD,2026-01-05T11:00:00
59,59,1,1,2026-01-05,TRAIL,0.004,63.6,USD,2026-01-05T11:00:00
60,60,3,3,2026-01-05,TRAIL,0.005,24.71,USD,2026-01-05T11:00:00
61,61,1,2,2026-01-05,TRAIL,0.0025,5.67,USD,2026-01-05T11:00:00
62,62,3,3,2026-01-05,TRAIL,0.003,87.71,USD,2026-01-05T11:00:00
63,63,2,3,2026-01-05,TRAIL,0.005,229.44,USD,2026-01-05T11:00:00
64,64,3,2,2026-01-05,TRAIL,0.004,96.12,USD,2026-01-05T11:00:00
65,65,2,1,2026-01-05,TRAIL,0.004,68.64,USD,2026-01-05T11:00:00
66,66,3,3,2026-01-06,TRAIL,0.0025,13.29,USD,2026-01-06T11:00:00
67,67,1,2,2026-01-06,TRAIL,0.005,207.11,USD,2026-01-06T11:00:00
68,68,3,1,2026-01-06,TRAIL,0.005,93.64,USD,2026-01-06T11:00:00
69,69,3,1,2026-01-06,TRAIL,0.005,139.56,USD,2026-01-06T11:00:00
70,70,3,2,2026-01-06,TRAIL,0.003,146.05,USD,2026-01-06T11:00:00
71,71,3,1,2026-01-06,TRAIL,0.003,5.01,USD,2026-01-06T11:00:00
72,72,3,2,2026-01-06,TRAIL,0.004,130.95,USD,2026-01-06T11:00:00
73,73,3,3,2026-01-06,TRAIL,0.003,125.7,USD,2026-01-06T11:00:00
74,74,2,3,2026-01-06,TRAIL,0.003,31.02,USD,2026-01-06T11:00:00
75,75,1,2,2026-01-06,TRAIL,0.004,171.46,USD,2026-01-06T11:00:00
76,76,3,2,2026-01-06,TRAIL,0.005,210.18,USD,2026-01-06T11:00:00
77,77,1,2,2026-01-06,TRAIL,0.005,89.56,USD,2026-01-06T11:00:00
78,78,2,2,2026-01-06,TRAIL,0.005,245.29,USD,2026-01-06T11:00:00
79,79,1,2,2026-01-06,TRAIL,0.005,187.45,USD,2026-01-06T11:00:00
80,80,1,3,2026-01-06,TRAIL,0.0025,82.37,USD,2026-01-06T11:00:00
81,81,2,3,2026-01-06,TRAIL,0.005,86.34,USD,2026-01-06T11:00:00
82,82,3,3,2026-01-06,TRAIL,0.003,5.26,USD,2026-01-06T11:00:00
83,83,1,2,2026-01-06,TRAIL,0.005,69.93,USD,2026-01-06T11:00:00
84,84,1,2,2026-01-07,TRAIL,0.004,172.43,USD,2026-01-07T11:00:00
85,85,3,3,2026-01-07,TRAIL,0.0025,62.27,USD,2026-01-07T11:00:00
86,86,2,3,2026-01-07,TRAIL,0.0025,37.7,USD,2026-01-07T11:00:00
87,87,1,1,2026-01-07,TRAIL,0.003,106.47,USD,2026-01-07T11:00:00
88,88,3,2,2026-01-07,TRAIL,0.004,13.01,USD,2026-01-07T11:00:00
89,89,3,2,2026-01-07,TRAIL,0.003,38.9,USD,2026-01-07T11:00:00
90,90,2,1,2026-01-07,TRAIL,0.003,131.01,USD,2026-01-07T11:00:00
91,91,2,3,2026-01-07,TRAIL,0.004,94.39,USD,2026-01-07T11:00:00
92,92,2,1,2026-01-07,TRAIL,0.003,71.39,USD,2026-01-07T11:00:00
93,93,1,2,2026-01-07,TRAIL,0.005,246.97,USD,2026-01-07T11:00:00
94,94,3,2,2026-01-07,TRAIL,0.005,79.02,USD,2026-01-07T11:00:00
95,95,3,1,2026-01-07,TRAIL,0.004,74.36,USD,2026-01-07T11:00:00
96,96,2,3,2026-01-07,TRAIL,0.0025,3.49,USD,2026-01-07T11:00:00
97,97,2,3,2026-01-07,TRAIL,0.003,135.91,USD,2026-01-07T11:00:00
98,98,2,2,2026-01-07,TRAIL,0.003,30.95,USD,2026-01-07T11:00:00
99,99,3,1,2026-01-07,TRAIL,0.005,163.35,USD,2026-01-07T11:00:00
100,100,3,3,2026-01-07,TRAIL,0.004,29.76,USD,2026-01-07T11:00:00
101,101,1,2,2026-01-07,TRAIL,0.004,29.9,USD,2026-01-07T11:00:00
102,102,3,2,2026-01-08,TRAIL,0.005,67.96,USD,2026-01-08T11:00:00
103,103,1,3,2026-01-08,TRAIL,0.0025,101.02,USD,2026-01-08T11:00:00
104,104,1,1,2026-01-08,TRAIL,0.004,145.95,USD,2026-01-08T11:00:00
105,105,1,2,2026-01-08,TRAIL,0.004,109.17,USD,2026-01-08T11:00:00
106,106,2,2,2026-01-08,TRAIL,0.003,141.22,USD,2026-01-08T11:00:00
107,107,2,1,2026-01-08,TRAIL,0.003,141.65,USD,2026-01-08T11:00:00
108,108,2,1,2026-01-08,TRAIL,0.005,118.75,USD,2026-01-08T11:00:00
109,109,3,1,2026-01-08,TRAIL,0.0025,7.06,USD,2026-01-08T11:00:00
110,110,3,1,2026-01-08,TRAIL,0.005,38.24,USD,2026-01-08T11:00:00
111,111,2,3,2026-01-08,TRAIL,0.005,221.93,USD,2026-01-08T11:00:00
112,112,2,2,2026-01-08,TRAIL,0.003,44.12,USD,2026-01-08T11:00:00
113,113,1,2,2026-01-08,TRAIL,0.004,171.67,USD,2026-01-08T11:00:00
114,114,2,3,2026-01-08,TRAIL,0.0025,51.27,USD,2026-01-08T11:00:00
115,115,2,1,2026-01-08,TRAIL,0.0025,81.11,USD,2026-01-08T11:00:00
116,116,3,2,2026-01-08,TRAIL,0.0025,17.93,USD,2026-01-08T11:00:00
117,117,3,3,2026-01-08,TRAIL,0.004,46.33,USD,2026-01-08T11:00:00
118,118,2,1,2026-01-09,TRAIL,0.004,196.87,USD,2026-01-09T11:00:00
119,119,1,1,2026-01-09,TRAIL,0.003,6.79,USD,2026-01-09T11:00:00
120,120,2,2,2026-01-09,TRAIL,0.005,70.02,USD,2026-01-09T11:00:00
121,121,3,1,2026-01-09,TRAIL,0.0025,60.84,USD,2026-01-09T11:00:00
122,122,1,3,2026-01-09,TRAIL,0.004,124.56,USD,2026-01-09T11:00:00
123,123,2,3,2026-01-09,TRAIL,0.005,19.9,USD,2026-01-09T11:00:00
124,124,1,3,2026-01-09,TRAIL,0.0025,89.77,USD,2026-01-09T11:00:00
125,125,1,3,2026-01-09,TRAIL,0.004,28.73,USD,2026-01-09T11:00:00
126,126,1,3,2026-01-09,TRAIL,0.0025,58.08,USD,2026-01-09T11:00:00
127,127,3,1,2026-01-09,TRAIL,0.003,98.68,USD,2026-01-09T11:00:00
128,128,1,1,2026-01-10,TRAIL,0.0025,103.86,USD,2026-01-10T11:00:00
129,129,1,2,2026-01-10,TRAIL,0.005,67.45,USD,2026-01-10T11:00:00
130,130,1,1,2026-01-10,TRAIL,0.004,22.27,USD,2026-01-10T11:00:00
131,131,2,3,2026-01-10,TRAIL,0.0025,119.69,USD,2026-01-10T11:00:00
132,132,3,2,2026-01-10,TRAIL,0.0025,117.79,USD,2026-01-10T11:00:00
133,133,1,3,2026-01-10,TRAIL,0.003,18.23,USD,2026-01-10T11:00:00
134,134,2,2,2026-01-10,TRAIL,0.004,25.21,USD,2026-01-10T11:00:00
135,135,3,2,2026-01-10,TRAIL,0.0025,101.38,USD,2026-01-10T11:00:00
136,136,2,3,2026-01-10,TRAIL,0.004,56.42,USD,2026-01-10T11:00:00
137,137,3,2,2026-01-10,TRAIL,0.005,218.12,USD,2026-01-10T11:00:00
138,138,1,1,2026-01-10,TRAIL,0.003,145.86,USD,2026-01-10T11:00:00
139,139,1,2,2026-01-10,TRAIL,0.004,34.85,USD,2026-01-10T11:00:00
140,140,1,3,2026-01-10,TRAIL,0.0025,110.71,USD,2026-01-10T11:00:00
141,141,1,1,2026-01-10,TRAIL,0.005,167.18,USD,2026-01-10T11:00:00
142,142,1,1,2026-01-11,TRAIL,0.004,26.31,USD,2026-01-11T11:00:00
143,143,1,3,2026-01-11,TRAIL,0.003,80.46,USD,2026-01-11T11:00:00
144,144,3,3,2026-01-11,TRAIL,0.003,33.05,USD,2026-01-11T11:00:00
145,145,3,2,2026-01-11,TRAIL,0.005,34.4,USD,2026-01-11T11:00:00
146,146,1,1,2026-01-11,TRAIL,0.004,141.92,USD,2026-01-11T11:00:00
147,147,1,2,2026-01-11,TRAIL,0.0025,7.68,USD,2026-01-11T11:00:00
148,148,1,3,2026-01-11,TRAIL,0.004,83.27,USD,2026-01-11T11:00:00
149,149,3,2,2026-01-11,TRAIL,0.005,84.57,USD,2026-01-11T11:00:00
150,150,3,2,2026-01-11,TRAIL,0.005,211.9,USD,2026-01-11T11:00:00
151,151,3,1,2026-01-11,TRAIL,0.004,64.81,USD,2026-01-11T11:00:00
152,152,1,1,2026-01-11,TRAIL,0.003,96.08,USD,2026-01-11T11:00:00
153,153,1,2,2026-01-11,TRAIL,0.003,143.86,USD,2026-01-11T11:00:00
154,154,2,1,2026-01-11,TRAIL,0.0025,26.67,USD,2026-01-11T11:00:00
155,155,1,3,2026-01-11,TRAIL,0.005,189.84,USD,2026-01-11T11:00:00
156,156,1,3,2026-01-12,TRAIL,0.004,126.41,USD,2026-01-12T11:00:00
157,157,1,2,2026-01-12,TRAIL,0.004,90.67,USD,2026-01-12T11:00:00
158,158,2,1,2026-01-12,TRAIL,0.0025,11.59,USD,2026-01-12T11:00:00
159,159,3,2,2026-01-12,TRAIL,0.0025,11.9,USD,2026-01-12T11:00:00
160,160,2,3,2026-01-12,TRAIL,0.0025,59.18,USD,2026-01-12T11:00:00
161,161,1,3,2026-01-12,TRAIL,0.003,50.26,USD,2026-01-12T11:00:00
162,162,3,2,2026-01-12,TRAIL,0.0025,112.64,USD,2026-01-12T11:00:00
163,163,3,3,2026-01-12,TRAIL,0.005,65.7,USD,2026-01-12T11:00:00
164,164,3,3,2026-01-12,TRAIL,0.005,94.16,USD,2026-01-12T11:00:00
165,165,3,2,2026-01-12,TRAIL,0.004,14.26,USD,2026-01-12T11:00:00
166,166,1,2,2026-01-12,TRAIL,0.003,102.72,USD,2026-01-12T11:00:00
167,167,3,1,2026-01-12,TRAIL,0.005,39.65,USD,2026-01-12T11:00:00
168,168,2,3,2026-01-12,TRAIL,0.004,20.6,USD,2026-01-12T11:00:00
169,169,2,3,2026-01-12,TRAIL,0.0025,118.52,USD,2026-01-12T11:00:00
170,170,2,3,2026-01-12,TRAIL,0.003,56.19,USD,2026-01-12T11:00:00
171,171,1,2,2026-01-12,TRAIL,0.003,74.48,USD,2026-01-12T11:00:00
172,172,1,1,2026-01-12,TRAIL,0.0025,99.04,USD,2026-01-12T11:00:00
173,173,2,2,2026-01-12,TRAIL,0.003,93.85,USD,2026-01-12T11:00:00
174,174,1,3,2026-01-13,TRAIL,0.005,203.22,USD,2026-01-13T11:00:00
175,175,3,2,2026-01-13,TRAIL,0.004,145.04,USD,2026-01-13T11:00:00
176,176,3,3,2026-01-13,TRAIL,0.005,62.33,USD,2026-01-13T11:00:00
177,177,2,2,2026-01-13,TRAIL,0.004,115.8,USD,2026-01-13T11:00:00
178,178,1,2,2026-01-13,TRAIL,0.003,64.54,USD,2026-01-13T11:00:00
179,179,2,1,2026-01-13,TRAIL,0.004,14.23,USD,2026-01-13T11:00:00
180,180,2,1,2026-01-13,TRAIL,0.0025,65.7,USD,2026-01-13T11:00:00
181,181,3,1,2026-01-13,TRAIL,0.005,226.8,USD,2026-01-13T11:00:00
182,182,1,1,2026-01-13,TRAIL,0.005,221.73,USD,2026-01-13T11:00:00
183,183,3,2,2026-01-13,TRAIL,0.004,50.21,USD,2026-01-13T11:00:00
184,184,2,2,2026-01-14,TRAIL,0.003,126.36,USD,2026-01-14T11:00:00
185,185,2,1,2026-01-14,TRAIL,0.003,124.97,USD,2026-01-14T11:00:00
186,186,3,3,2026-01-14,TRAIL,0.0025,77.88,USD,2026-01-14T11:00:00
187,187,3,1,2026-01-14,TRAIL,0.005,139.46,USD,2026-01-14T11:00:00
188,188,3,2,2026-01-14,TRAIL,0.005,34.85,USD,2026-01-14T11:00:00
189,189,1,1,2026-01-14,TRAIL,0.003,76.47,USD,2026-01-14T11:00:00
190,190,3,1,2026-01-14,TRAIL,0.005,5.38,USD,2026-01-14T11:00:00
191,191,1,3,2026-01-14,TRAIL,0.0025,66.63,USD,2026-01-14T11:00:00
192,192,1,2,2026-01-14,TRAIL,0.0025,49.89,USD,2026-01-14T11:00:00
193,193,3,1,2026-01-14,TRAIL,0.004,147.66,USD,2026-01-14T11:00:00
194,194,2,1,2026-01-14,TRAIL,0.005,87.94,USD,2026-01-14T11:00:00
195,195,3,1,2026-01-15,TRAIL,0.005,20.46,USD,2026-01-15T11:00:00
196,196,3,2,2026-01-15,TRAIL,0.004,159.06,USD,2026-01-15T11:00:00
197,197,2,3,2026-01-15,TRAIL,0.0025,102.39,USD,2026-01-15T11:00:00
198,198,3,3,2026-01-15,TRAIL,0.004,73.97,USD,2026-01-15T11:00:00
199,199,1,1,2026-01-15,TRAIL,0.005,112.05,USD,2026-01-15T11:00:00
200,200,1,2,2026-01-15,TRAIL,0.004,101.26,USD,2026-01-15T11:00:00
201,201,1,3,2026-01-15,TRAIL,0.003,66.3,USD,2026-01-15T11:00:00
202,202,2,2,2026-01-15,TRAIL,0.004,19.69,USD,2026-01-15T11:00:00
203,203,1,3,2026-01-15,TRAIL,0.005,45.83,USD,2026-01-15T11:00:00
204,204,3,3,2026-01-15,TRAIL,0.004,73.1,USD,2026-01-15T11:00:00
205,205,3,1,2026-01-15,TRAIL,0.003,96.71,USD,2026-01-15T11:00:00
206,206,2,1,2026-01-15,TRAIL,0.003,102.68,USD,2026-01-15T11:00:00
207,207,1,1,2026-01-15,TRAIL,0.0025,47.38,USD,2026-01-15T11:00:00
208,208,2,1,2026-01-15,TRAIL,0.0025,118.73,USD,2026-01-15T11:00:00
209,209,1,1,2026-01-15,TRAIL,0.003,61.51,USD,2026-01-15T11:00:00
210,210,2,3,2026-01-16,TRAIL,0.0025,65.92,USD,2026-01-16T11:00:00
211,211,3,2,2026-01-16,TRAIL,0.005,57.57,USD,2026-01-16T11:00:00
212,212,2,1,2026-01-16,TRAIL,0.005,23.14,USD,2026-01-16T11:00:00
213,213,1,3,2026-01-16,TRAIL,0.0025,123.36,USD,2026-01-16T11:00:00
214,214,2,3,2026-01-16,TRAIL,0.003,47.09,USD,2026-01-16T11:00:00
215,215,1,3,2026-01-16,TRAIL,0.003,147.81,USD,2026-01-16T11:00:00
216,216,2,1,2026-01-16,TRAIL,0.003,87.12,USD,2026-01-16T11:00:00
217,217,2,1,2026-01-16,TRAIL,0.005,102.55,USD,2026-01-16T11:00:00
218,218,3,2,2026-01-16,TRAIL,0.004,165.37,USD,2026-01-16T11:00:00
219,219,1,2,2026-01-17,TRAIL,0.003,79.05,USD,2026-01-17T11:00:00
220,220,1,1,2026-01-17,TRAIL,0.0025,114.06,USD,2026-01-17T11:00:00
221,221,3,1,2026-01-17,TRAIL,0.003,26.81,USD,2026-01-17T11:00:00
222,222,3,3,2026-01-17,TRAIL,0.004,169.8,USD,2026-01-17T11:00:00
223,223,2,3,2026-01-17,TRAIL,0.003,81.42,USD,2026-01-17T11:00:00
224,224,2,3,2026-01-17,TRAIL,0.004,133.11,USD,2026-01-17T11:00:00
225,225,1,1,2026-01-17,TRAIL,0.004,9.56,USD,2026-01-17T11:00:00
226,226,2,1,2026-01-17,TRAIL,0.005,107.06,USD,2026-01-17T11:00:00
227,227,3,3,2026-01-17,TRAIL,0.005,239.38,USD,2026-01-17T11:00:00
228,228,2,2,2026-01-17,TRAIL,0.005,19.68,USD,2026-01-17T11:00:00
229,229,2,1,2026-01-17,TRAIL,0.004,32.16,USD,2026-01-17T11:00:00
230,230,3,2,2026-01-17,TRAIL,0.0025,18.52,USD,2026-01-17T11:00:00
231,231,1,1,2026-01-17,TRAIL,0.0025,35.27,USD,2026-01-17T11:00:00
232,232,3,2,2026-01-17,TRAIL,0.003,130.03,USD,2026-01-17T11:00:00
233,233,1,3,2026-01-17,TRAIL,0.005,51.51,USD,2026-01-17T11:00:00
234,234,2,2,2026-01-17,TRAIL,0.005,27.06,USD,2026-01-17T11:00:00
235,235,2,1,2026-01-17,TRAIL,0.005,16.92,USD,2026-01-17T11:00:00
236,236,1,3,2026-01-17,TRAIL,0.004,25.07,USD,2026-01-17T11:00:00
237,237,3,2,2026-01-18,TRAIL,0.003,61.89,USD,2026-01-18T11:00:00
238,238,1,3,2026-01-18,TRAIL,0.004,79.72,USD,2026-01-18T11:00:00
239,239,2,3,2026-01-18,TRAIL,0.004,29.22,USD,2026-01-18T11:00:00
240,240,3,3,2026-01-18,TRAIL,0.005,189.97,USD,2026-01-18T11:00:00
241,241,3,1,2026-01-18,TRAIL,0.005,38.57,USD,2026-01-18T11:00:00
242,242,3,2,2026-01-18,TRAIL,0.004,179.05,USD,2026-01-18T11:00:00
243,243,2,2,2026-01-18,TRAIL,0.004,148.91,USD,2026-01-18T11:00:00
244,244,3,3,2026-01-18,TRAIL,0.0025,89.32,USD,2026-01-18T11:00:00
245,245,1,2,2026-01-18,TRAIL,0.0025,122.54,USD,2026-01-18T11:00:00
246,246,2,2,2026-01-18,TRAIL,0.003,99.37,USD,2026-01-18T11:00:00
247,247,3,1,2026-01-18,TRAIL,0.005,46.78,USD,2026-01-18T11:00:00
248,248,1,3,2026-01-18,TRAIL,0.003,87.17,USD,2026-01-18T11:00:00
249,249,2,2,2026-01-18,TRAIL,0.005,42.1,USD,2026-01-18T11:00:00
250,250,1,3,2026-01-19,TRAIL,0.0025,109.42,USD,2026-01-19T11:00:00
251,251,3,1,2026-01-19,TRAIL,0.005,142.42,USD,2026-01-19T11:00:00
252,252,3,2,2026-01-19,TRAIL,0.004,37.94,USD,2026-01-19T11:00:00
253,253,2,2,2026-01-19,TRAIL,0.004,174.06,USD,2026-01-19T11:00:00
254,254,2,2,2026-01-19,TRAIL,0.003,39.24,USD,2026-01-19T11:00:00
255,255,2,2,2026-01-19,TRAIL,0.005,174.11,USD,2026-01-19T11:00:00
256,256,3,3,2026-01-19,TRAIL,0.0025,99.94,USD,2026-01-19T11:00:00
257,257,1,3,2026-01-19,TRAIL,0.004,179.57,USD,2026-01-19T11:00:00
258,258,1,1,2026-01-19,TRAIL,0.004,60.38,USD,2026-01-19T11:00:00
259,259,1,3,2026-01-19,TRAIL,0.004,97.9,USD,2026-01-19T11:00:00
260,260,2,3,2026-01-19,TRAIL,0.003,19.06,USD,2026-01-19T11:00:00
261,261,2,1,2026-01-19,TRAIL,0.0025,67.55,USD,2026-01-19T11:00:00
262,262,3,2,2026-01-19,TRAIL,0.003,72.44,USD,2026-01-19T11:00:00
263,263,3,3,2026-01-19,TRAIL,0.005,43.7,USD,2026-01-19T11:00:00
264,264,2,3,2026-01-19,TRAIL,0.0025,120.58,USD,2026-01-19T11:00:00
265,265,1,1,2026-01-19,TRAIL,0.0025,30.95,USD,2026-01-19T11:00:00
266,266,3,1,2026-01-20,TRAIL,0.005,13.9,USD,2026-01-20T11:00:00
267,267,1,3,2026-01-20,TRAIL,0.0025,115.94,USD,2026-01-20T11:00:00
268,268,2,3,2026-01-20,TRAIL,0.005,232.47,USD,2026-01-20T11:00:00
269,269,2,3,2026-01-20,TRAIL,0.005,222.87,USD,2026-01-20T11:00:00
270,270,1,1,2026-01-20,TRAIL,0.004,68.81,USD,2026-01-20T11:00:00
271,271,3,1,2026-01-20,TRAIL,0.003,52.56,USD,2026-01-20T11:00:00
272,272,1,3,2026-01-20,TRAIL,0.004,179.82,USD,2026-01-20T11:00:00
273,273,1,2,2026-01-20,TRAIL,0.004,40.22,USD,2026-01-20T11:00:00
274,274,2,1,2026-01-20,TRAIL,0.004,50.16,USD,2026-01-20T11:00:00
275,275,2,3,2026-01-20,TRAIL,0.003,4.68,USD,2026-01-20T11:00:00
276,276,2,1,2026-01-21,TRAIL,0.004,35.3,USD,2026-01-21T11:00:00
277,277,3,1,2026-01-21,TRAIL,0.003,141.27,USD,2026-01-21T11:00:00
278,278,1,1,2026-01-21,TRAIL,0.004,93.18,USD,2026-01-21T11:00:00
279,279,3,3,2026-01-21,TRAIL,0.003,72.21,USD,2026-01-21T11:00:00
280,280,3,1,2026-01-21,TRAIL,0.005,150.97,USD,2026-01-21T11:00:00
281,281,3,3,2026-01-21,TRAIL,0.003,137.83,USD,2026-01-21T11:00:00
282,282,1,3,2026-01-21,TRAIL,0.0025,42.69,USD,2026-01-21T11:00:00
283,283,1,1,2026-01-21,TRAIL,0.005,124.76,USD,2026-01-21T11:00:00
284,284,2,1,2026-01-22,TRAIL,0.005,116.92,USD,2026-01-22T11:00:00
285,285,1,2,2026-01-22,TRAIL,0.003,61.2,USD,2026-01-22T11:00:00
286,286,2,1,2026-01-22,TRAIL,0.0025,44.7,USD,2026-01-22T11:00:00
287,287,1,2,2026-01-22,TRAIL,0.005,105.17,USD,2026-01-22T11:00:00
288,288,1,2,2026-01-22,TRAIL,0.0025,114.85,USD,2026-01-22T11:00:00
289,289,1,3,2026-01-22,TRAIL,0.0025,18.79,USD,2026-01-22T11:00:00
290,290,1,3,2026-01-22,TRAIL,0.0025,18.1,USD,2026-01-22T11:00:00
291,291,3,1,2026-01-22,TRAIL,0.005,118.44,USD,2026-01-22T11:00:00
292,292,1,1,2026-01-23,TRAIL,0.0025,44.9,USD,2026-01-23T11:00:00
293,293,3,3,2026-01-23,TRAIL,0.0025,96.34,USD,2026-01-23T11:00:00
294,294,2,1,2026-01-23,TRAIL,0.0025,75.26,USD,2026-01-23T11:00:00
295,295,2,3,2026-01-23,TRAIL,0.0025,56.27,USD,2026-01-23T11:00:00
296,296,2,3,2026-01-23,TRAIL,0.004,49.9,USD,2026-01-23T11:00:00
297,297,1,3,2026-01-23,TRAIL,0.003,123.3,USD,2026-01-23T11:00:00
298,298,2,3,2026-01-23,TRAIL,0.003,47.17,USD,2026-01-23T11:00:00
299,299,3,3,2026-01-23,TRAIL,0.005,126.43,USD,2026-01-23T11:00:00
300,300,3,2,2026-01-23,TRAIL,0.003,63.01,USD,2026-01-23T11:00:00
301,301,3,3,2026-01-23,TRAIL,0.003,127.85,USD,2026-01-23T11:00:00
302,302,2,1,2026-01-23,TRAIL,0.003,145.26,USD,2026-01-23T11:00:00
303,303,1,1,2026-01-23,TRAIL,0.005,85.91,USD,2026-01-23T11:00:00
304,304,1,1,2026-01-23,TRAIL,0.005,208.2,USD,2026-01-23T11:00:00
305,305,1,3,2026-01-23,TRAIL,0.003,131.42,USD,2026-01-23T11:00:00
306,306,2,1,2026-01-23,TRAIL,0.0025,43.29,USD,2026-01-23T11:00:00
307,307,1,1,2026-01-23,TRAIL,0.005,33.74,USD,2026-01-23T11:00:00
308,308,3,3,2026-01-24,TRAIL,0.004,81.74,USD,2026-01-24T11:00:00
309,309,1,2,2026-01-24,TRAIL,0.004,108.6,USD,2026-01-24T11:00:00
310,310,1,3,2026-01-24,TRAIL,0.005,119.17,USD,2026-01-24T11:00:00
311,311,3,2,2026-01-24,TRAIL,0.003,57.49,USD,2026-01-24T11:00:00
312,312,1,1,2026-01-24,TRAIL,0.005,140.56,USD,2026-01-24T11:00:00
313,313,1,1,2026-01-24,TRAIL,0.003,36.81,USD,2026-01-24T11:00:00
314,314,2,3,2026-01-24,TRAIL,0.005,172.79,USD,2026-01-24T11:00:00
315,315,3,3,2026-01-24,TRAIL,0.004,94.32,USD,2026-01-24T11:00:00
316,316,2,1,2026-01-24,TRAIL,0.0025,62.32,USD,2026-01-24T11:00:00
317,317,3,1,2026-01-24,TRAIL,0.0025,11.61,USD,2026-01-24T11:00:00
318,318,3,1,2026-01-24,TRAIL,0.003,126.85,USD,2026-01-24T11:00:00
319,319,1,3,2026-01-25,TRAIL,0.005,19.81,USD,2026-01-25T11:00:00
320,320,2,2,2026-01-25,TRAIL,0.0025,67.7,USD,2026-01-25T11:00:00
321,321,3,3,2026-01-25,TRAIL,0.005,244.48,USD,2026-01-25T11:00:00
322,322,1,1,2026-01-25,TRAIL,0.004,106.78,USD,2026-01-25T11:00:00
323,323,3,2,2026-01-25,TRAIL,0.005,24.36,USD,2026-01-25T11:00:00
324,324,1,1,2026-01-25,TRAIL,0.0025,30.17,USD,2026-01-25T11:00:00
325,325,2,3,2026-01-25,TRAIL,0.005,27.91,USD,2026-01-25T11:00:00
326,326,3,3,2026-01-25,TRAIL,0.005,46.99,USD,2026-01-25T11:00:00
327,327,3,3,2026-01-26,TRAIL,0.0025,121.8,USD,2026-01-26T11:00:00
328,328,1,1,2026-01-26,TRAIL,0.004,139.69,USD,2026-01-26T11:00:00
329,329,3,1,2026-01-26,TRAIL,0.0025,36.85,USD,2026-01-26T11:00:00
330,330,1,2,2026-01-26,TRAIL,0.005,55.75,USD,2026-01-26T11:00:00
331,331,1,2,2026-01-26,TRAIL,0.005,63.92,USD,2026-01-26T11:00:00
332,332,1,3,2026-01-26,TRAIL,0.0025,95.06,USD,2026-01-26T11:00:00
333,333,3,3,2026-01-26,TRAIL,0.0025,9.08,USD,2026-01-26T11:00:00
334,334,3,3,2026-01-26,TRAIL,0.004,191.15,USD,2026-01-26T11:00:00
335,335,2,3,2026-01-26,TRAIL,0.004,198.55,USD,2026-01-26T11:00:00
336,336,2,2,2026-01-26,TRAIL,0.0025,85.76,USD,2026-01-26T11:00:00
337,337,1,3,2026-01-26,TRAIL,0.004,52.3,USD,2026-01-26T11:00:00
338,338,1,2,2026-01-26,TRAIL,0.004,128.24,USD,2026-01-26T11:00:00
339,339,1,1,2026-01-26,TRAIL,0.004,188.82,USD,2026-01-26T11:00:00
340,340,3,1,2026-01-26,TRAIL,0.005,110.59,USD,2026-01-26T11:00:00
341,341,3,1,2026-01-26,TRAIL,0.004,112.63,USD,2026-01-26T11:00:00
342,342,1,1,2026-01-26,TRAIL,0.003,60.01,USD,2026-01-26T11:00:00
343,343,1,3,2026-01-26,TRAIL,0.004,78.62,USD,2026-01-26T11:00:00
344,344,1,2,2026-01-26,TRAIL,0.004,36.77,USD,2026-01-26T11:00:00
345,345,1,2,2026-01-27,TRAIL,0.003,39.25,USD,2026-01-27T11:00:00
346,346,2,1,2026-01-27,TRAIL,0.005,6.66,USD,2026-01-27T11:00:00
347,347,3,2,2026-01-27,TRAIL,0.003,122.87,USD,2026-01-27T11:00:00
348,348,2,2,2026-01-27,TRAIL,0.003,105.21,USD,2026-01-27T11:00:00
349,349,3,2,2026-01-27,TRAIL,0.003,105.16,USD,2026-01-27T11:00:00
350,350,1,2,2026-01-27,TRAIL,0.003,118.52,USD,2026-01-27T11:00:00
351,351,2,3,2026-01-27,TRAIL,0.005,193.07,USD,2026-01-27T11:00:00
352,352,3,1,2026-01-27,TRAIL,0.005,76.38,USD,2026-01-27T11:00:00
353,353,1,2,2026-01-27,TRAIL,0.003,47.52,USD,2026-01-27T11:00:00
354,354,3,2,2026-01-27,TRAIL,0.005,23.12,USD,2026-01-27T11:00:00
355,355,2,2,2026-01-27,TRAIL,0.005,231.26,USD,2026-01-27T11:00:00
356,356,2,1,2026-01-27,TRAIL,0.0025,46.54,USD,2026-01-27T11:00:00
357,357,3,1,2026-01-27,TRAIL,0.0025,45.99,USD,2026-01-27T11:00:00
358,358,1,3,2026-01-27,TRAIL,0.005,102.91,USD,2026-01-27T11:00:00
359,359,3,1,2026-01-27,TRAIL,0.003,35.63,USD,2026-01-27T11:00:00
360,360,1,2,2026-01-28,TRAIL,0.003,102.89,USD,2026-01-28T11:00:00
361,361,3,1,2026-01-28,TRAIL,0.0025,38.69,USD,2026-01-28T11:00:00
362,362,3,3,2026-01-28,TRAIL,0.003,48.85,USD,2026-01-28T11:00:00
363,363,3,2,2026-01-28,TRAIL,0.005,28.92,USD,2026-01-28T11:00:00
364,364,1,1,2026-01-28,TRAIL,0.004,162.8,USD,2026-01-28T11:00:00
365,365,2,1,2026-01-28,TRAIL,0.003,27.16,USD,2026-01-28T11:00:00
366,366,3,1,2026-01-28,TRAIL,0.005,86.09,USD,2026-01-28T11:00:00
367,367,1,2,2026-01-28,TRAIL,0.005,50.66,USD,2026-01-28T11:00:00
368,368,2,3,2026-01-28,TRAIL,0.005,53.34,USD,2026-01-28T11:00:00
369,369,3,3,2026-01-28,TRAIL,0.0025,36.6,USD,2026-01-28T11:00:00
370,370,1,1,2026-01-28,TRAIL,0.003,81.92,USD,2026-01-28T11:00:00
371,371,2,1,2026-01-28,TRAIL,0.004,173.08,USD,2026-01-28T11:00:00
372,372,2,2,2026-01-28,TRAIL,0.005,148.82,USD,2026-01-28T11:00:00
373,373,2,1,2026-01-28,TRAIL,0.0025,88.98,USD,2026-01-28T11:00:00
374,374,1,1,2026-01-28,TRAIL,0.004,50.76,USD,2026-01-28T11:00:00
375,375,3,2,2026-01-29,TRAIL,0.003,23.27,USD,2026-01-29T11:00:00
376,376,2,3,2026-01-29,TRAIL,0.003,138.12,USD,2026-01-29T11:00:00
377,377,2,1,2026-01-29,TRAIL,0.005,39.37,USD,2026-01-29T11:00:00
378,378,2,1,2026-01-29,TRAIL,0.003,142.92,USD,2026-01-29T11:00:00
379,379,1,3,2026-01-29,TRAIL,0.005,126.27,USD,2026-01-29T11:00:00
380,380,3,2,2026-01-29,TRAIL,0.003,15.15,USD,2026-01-29T11:00:00
381,381,1,1,2026-01-29,TRAIL,0.005,136.71,USD,2026-01-29T11:00:00
382,382,1,3,2026-01-29,TRAIL,0.0025,63.18,USD,2026-01-29T11:00:00
383,383,1,3,2026-01-29,TRAIL,0.0025,47.44,USD,2026-01-29T11:00:00
384,384,3,3,2026-01-29,TRAIL,0.003,35.13,USD,2026-01-29T11:00:00
385,385,3,2,2026-01-30,TRAIL,0.0025,108.12,USD,2026-01-30T11:00:00
386,386,1,1,2026-01-30,TRAIL,0.005,185.72,USD,2026-01-30T11:00:00
387,387,2,3,2026-01-30,TRAIL,0.0025,27.81,USD,2026-01-30T11:00:00
388,388,1,2,2026-01-30,TRAIL,0.004,120.98,USD,2026-01-30T11:00:00
389,389,1,3,2026-01-30,TRAIL,0.0025,107.61,USD,2026-01-30T11:00:00
390,390,2,2,2026-01-30,TRAIL,0.003,148.9,USD,2026-01-30T11:00:00
391,391,3,1,2026-01-30,TRAIL,0.005,179.29,USD,2026-01-30T11:00:00
392,392,2,1,2026-01-30,TRAIL,0.005,70.84,USD,2026-01-30T11:00:00
393,393,1,3,2026-01-30,TRAIL,0.004,154.7,USD,2026-01-30T11:00:00
394,394,3,2,2026-01-30,TRAIL,0.0025,62.29,USD,2026-01-30T11:00:00
395,395,3,2,2026-01-30,TRAIL,0.005,175.84,USD,2026-01-30T11:00:00
396,396,1,2,2026-01-30,TRAIL,0.004,100.96,USD,2026-01-30T11:00:00
397,397,2,3,2026-01-31,TRAIL,0.0025,106.92,USD,2026-01-31T11:00:00
398,398,3,1,2026-01-31,TRAIL,0.003,126.0,USD,2026-01-31T11:00:00
399,399,1,2,2026-01-31,TRAIL,0.003,143.83,USD,2026-01-31T11:00:00
400,400,2,2,2026-01-31,TRAIL,0.004,186.81,USD,2026-01-31T11:00:00
401,401,3,1,2026-01-31,TRAIL,0.005,226.43,USD,2026-01-31T11:00:00
402,402,3,2,2026-01-31,TRAIL,0.0025,95.02,USD,2026-01-31T11:00:00
403,403,3,1,2026-01-31,TRAIL,0.003,73.09,USD,2026-01-31T11:00:00
404,404,3,3,2026-01-31,TRAIL,0.0025,3.49,USD,2026-01-31T11:00:00
405,405,1,3,2026-01-31,TRAIL,0.0025,11.18,USD,2026-01-31T11:00:00
406,406,3,2,2026-01-31,TRAIL,0.003,46.99,USD,2026-01-31T11:00:00
407,407,2,3,2026-01-31,TRAIL,0.003,80.98,USD,2026-01-31T11:00:00
408,408,1,2,2026-01-31,TRAIL,0.005,158.88,USD,2026-01-31T11:00:00
409,409,2,3,2026-01-31,TRAIL,0.003,34.93,USD,2026-01-31T11:00:00
410,410,2,3,2026-02-01,TRAIL,0.003,144.6,USD,2026-02-01T11:00:00
411,411,2,2,2026-02-01,TRAIL,0.004,52.64,USD,2026-02-01T11:00:00
412,412,1,3,2026-02-01,TRAIL,0.003,127.52,USD,2026-02-01T11:00:00
413,413,3,3,2026-02-01,TRAIL,0.0025,94.11,USD,2026-02-01T11:00:00
414,414,2,2,2026-02-01,TRAIL,0.0025,32.03,USD,2026-02-01T11:00:00
415,415,3,1,2026-02-01,TRAIL,0.005,233.81,USD,2026-02-01T11:00:00
416,416,1,3,2026-02-01,TRAIL,0.0025,95.93,USD,2026-02-01T11:00:00
417,417,2,3,2026-02-01,TRAIL,0.0025,34.62,USD,2026-02-01T11:00:00
418,418,3,3,2026-02-01,TRAIL,0.005,179.59,USD,2026-02-01T11:00:00
419,419,1,3,2026-02-02,TRAIL,0.004,124.75,USD,2026-02-02T11:00:00
420,420,1,3,2026-02-02,TRAIL,0.004,194.97,USD,2026-02-02T11:00:00
421,421,3,3,2026-02-02,TRAIL,0.0025,104.73,USD,2026-02-02T11:00:00
422,422,2,3,2026-02-02,TRAIL,0.003,143.15,USD,2026-02-02T11:00:00
423,423,1,2,2026-02-02,TRAIL,0.003,93.01,USD,2026-02-02T11:00:00
424,424,3,1,2026-02-02,TRAIL,0.004,141.49,USD,2026-02-02T11:00:00
425,425,3,3,2026-02-02,TRAIL,0.003,108.95,USD,2026-02-02T11:00:00
426,426,1,2,2026-02-02,TRAIL,0.004,27.14,USD,2026-02-02T11:00:00
427,427,1,2,2026-02-02,TRAIL,0.0025,34.71,USD,2026-02-02T11:00:00
428,428,2,2,2026-02-02,TRAIL,0.003,11.15,USD,2026-02-02T11:00:00
429,429,1,1,2026-02-02,TRAIL,0.0025,15.11,USD,2026-02-02T11:00:00
430,430,1,3,2026-02-02,TRAIL,0.003,9.47,USD,2026-02-02T11:00:00
431,431,3,2,2026-02-02,TRAIL,0.0025,115.23,USD,2026-02-02T11:00:00
432,432,2,3,2026-02-02,TRAIL,0.005,107.75,USD,2026-02-02T11:00:00
433,433,1,1,2026-02-03,TRAIL,0.0025,17.13,USD,2026-02-03T11:00:00
434,434,1,1,2026-02-03,TRAIL,0.0025,122.72,USD,2026-02-03T11:00:00
435,435,2,2,2026-02-03,TRAIL,0.005,81.12,USD,2026-02-03T11:00:00
436,436,3,2,2026-02-03,TRAIL,0.003,85.88,USD,2026-02-03T11:00:00
437,437,2,2,2026-02-03,TRAIL,0.003,75.52,USD,2026-02-03T11:00:00
438,438,3,3,2026-02-03,TRAIL,0.005,65.06,USD,2026-02-03T11:00:00
439,439,2,1,2026-02-03,TRAIL,0.0025,80.4,USD,2026-02-03T11:00:00
440,440,3,1,2026-02-03,TRAIL,0.004,77.75,USD,2026-02-03T11:00:00
441,441,3,1,2026-02-03,TRAIL,0.0025,31.68,USD,2026-02-03T11:00:00
442,442,1,3,2026-02-03,TRAIL,0.005,15.76,USD,2026-02-03T11:00:00
443,443,3,2,2026-02-03,TRAIL,0.003,112.94,USD,2026-02-03T11:00:00
444,444,3,2,2026-02-03,TRAIL,0.003,86.47,USD,2026-02-03T11:00:00
445,445,2,2,2026-02-03,TRAIL,0.004,65.74,USD,2026-02-03T11:00:00
446,446,1,2,2026-02-04,TRAIL,0.0025,118.09,USD,2026-02-04T11:00:00
447,447,1,1,2026-02-04,TRAIL,0.004,95.35,USD,2026-02-04T11:00:00
448,448,1,1,2026-02-04,TRAIL,0.0025,59.26,USD,2026-02-04T11:00:00
449,449,2,3,2026-02-04,TRAIL,0.003,106.59,USD,2026-02-04T11:00:00
450,450,1,1,2026-02-04,TRAIL,0.0025,32.91,USD,2026-02-04T11:00:00
451,451,1,2,2026-02-04,TRAIL,0.005,247.72,USD,2026-02-04T11:00:00
452,452,1,3,2026-02-04,TRAIL,0.003,39.73,USD,2026-02-04T11:00:00
453,453,3,1,2026-02-04,TRAIL,0.003,117.8,USD,2026-02-04T11:00:00
454,454,3,2,2026-02-04,TRAIL,0.004,187.76,USD,2026-02-04T11:00:00
455,455,1,1,2026-02-04,TRAIL,0.003,32.07,USD,2026-02-04T11:00:00
456,456,1,2,2026-02-04,TRAIL,0.005,235.86,USD,2026-02-04T11:00:00
457,457,3,2,2026-02-04,TRAIL,0.004,79.01,USD,2026-02-04T11:00:00
458,458,1,1,2026-02-04,TRAIL,0.003,68.56,USD,2026-02-04T11:00:00
459,459,1,2,2026-02-05,TRAIL,0.004,111.93,USD,2026-02-05T11:00:00
460,460,1,1,2026-02-05,TRAIL,0.003,97.47,USD,2026-02-05T11:00:00
461,461,3,3,2026-02-05,TRAIL,0.004,197.92,USD,2026-02-05T11:00:00
462,462,2,3,2026-02-05,TRAIL,0.004,71.43,USD,2026-02-05T11:00:00
463,463,1,2,2026-02-05,TRAIL,0.004,66.5,USD,2026-02-05T11:00:00
464,464,3,2,2026-02-05,TRAIL,0.003,115.73,USD,2026-02-05T11:00:00
465,465,3,1,2026-02-05,TRAIL,0.0025,35.15,USD,2026-02-05T11:00:00
466,466,3,1,2026-02-05,TRAIL,0.003,147.45,USD,2026-02-05T11:00:00
467,467,1,1,2026-02-05,TRAIL,0.0025,101.26,USD,2026-02-05T11:00:00
468,468,3,3,2026-02-05,TRAIL,0.003,86.44,USD,2026-02-05T11:00:00
469,469,2,3,2026-02-05,TRAIL,0.003,75.09,USD,2026-02-05T11:00:00
470,470,2,1,2026-02-05,TRAIL,0.003,73.26,USD,2026-02-05T11:00:00
471,471,2,2,2026-02-05,TRAIL,0.004,184.08,USD,2026-02-05T11:00:00
472,472,3,1,2026-02-05,TRAIL,0.0025,88.83,USD,2026-02-05T11:00:00
473,473,3,2,2026-02-05,TRAIL,0.005,96.53,USD,2026-02-05T11:00:00
474,474,2,1,2026-02-05,TRAIL,0.005,84.04,USD,2026-02-05T11:00:00
475,475,3,2,2026-02-05,TRAIL,0.004,38.14,USD,2026-02-05T11:00:00
476,476,1,3,2026-02-05,TRAIL,0.004,38.37,USD,2026-02-05T11:00:00
477,477,1,3,2026-02-06,TRAIL,0.0025,88.5,USD,2026-02-06T11:00:00
478,478,1,3,2026-02-06,TRAIL,0.0025,101.58,USD,2026-02-06T11:00:00
479,479,2,1,2026-02-06,TRAIL,0.004,19.25,USD,2026-02-06T11:00:00
480,480,2,3,2026-02-06,TRAIL,0.004,21.39,USD,2026-02-06T11:00:00
481,481,1,1,2026-02-06,TRAIL,0.004,52.91,USD,2026-02-06T11:00:00
482,482,3,3,2026-02-06,TRAIL,0.003,59.73,USD,2026-02-06T11:00:00
483,483,3,2,2026-02-06,TRAIL,0.005,91.05,USD,2026-02-06T11:00:00
484,484,1,3,2026-02-06,TRAIL,0.0025,30.13,USD,2026-02-06T11:00:00
485,485,1,1,2026-02-06,TRAIL,0.003,142.89,USD,2026-02-06T11:00:00
486,486,1,1,2026-02-06,TRAIL,0.0025,69.51,USD,2026-02-06T11:00:00
487,487,2,3,2026-02-07,TRAIL,0.003,106.56,USD,2026-02-07T11:00:00
488,488,2,2,2026-02-07,TRAIL,0.003,17.88,USD,2026-02-07T11:00:00
489,489,3,3,2026-02-07,TRAIL,0.004,185.41,USD,2026-02-07T11:00:00
490,490,2,1,2026-02-07,TRAIL,0.005,101.26,USD,2026-02-07T11:00:00
491,491,1,1,2026-02-07,TRAIL,0.005,109.76,USD,2026-02-07T11:00:00
492,492,2,1,2026-02-07,TRAIL,0.0025,23.43,USD,2026-02-07T11:00:00
493,493,2,1,2026-02-07,TRAIL,0.004,81.9,USD,2026-02-07T11:00:00
494,494,1,3,2026-02-07,TRAIL,0.004,40.24,USD,2026-02-07T11:00:00
495,495,1,2,2026-02-07,TRAIL,0.004,90.19,USD,2026-02-07T11:00:00
496,496,1,1,2026-02-07,TRAIL,0.004,140.51,USD,2026-02-07T11:00:00
497,497,2,2,2026-02-07,TRAIL,0.005,149.48,USD,2026-02-07T11:00:00
498,498,3,2,2026-02-07,TRAIL,0.003,104.0,USD,2026-02-07T11:00:00
499,499,2,2,2026-02-07,TRAIL,0.003,135.71,USD,2026-02-07T11:00:00
500,500,3,2,2026-02-08,TRAIL,0.003,147.7,USD,2026-02-08T11:00:00
501,501,2,1,2026-02-08,TRAIL,0.003,148.28,USD,2026-02-08T11:00:00
502,502,2,2,2026-02-08,TRAIL,0.0025,91.57,USD,2026-02-08T11:00:00
503,503,1,3,2026-02-08,TRAIL,0.005,84.9,USD,2026-02-08T11:00:00
504,504,3,3,2026-02-08,TRAIL,0.005,133.03,USD,2026-02-08T11:00:00
505,505,1,1,2026-02-08,TRAIL,0.0025,73.88,USD,2026-02-08T11:00:00
506,506,3,3,2026-02-08,TRAIL,0.004,158.01,USD,2026-02-08T11:00:00
507,507,3,2,2026-02-08,TRAIL,0.0025,61.98,USD,2026-02-08T11:00:00
508,508,1,2,2026-02-08,TRAIL,0.005,156.47,USD,2026-02-08T11:00:00
509,509,3,2,2026-02-09,TRAIL,0.004,13.66,USD,2026-02-09T11:00:00
510,510,1,1,2026-02-09,TRAIL,0.005,199.44,USD,2026-02-09T11:00:00
511,511,3,3,2026-02-09,TRAIL,0.005,217.88,USD,2026-02-09T11:00:00
512,512,1,2,2026-02-09,TRAIL,0.003,64.27,USD,2026-02-09T11:00:00
513,513,1,1,2026-02-09,TRAIL,0.004,83.81,USD,2026-02-09T11:00:00
514,514,3,3,2026-02-09,TRAIL,0.005,21.08,USD,2026-02-09T11:00:00
515,515,2,3,2026-02-09,TRAIL,0.003,7.26,USD,2026-02-09T11:00:00
516,516,3,1,2026-02-09,TRAIL,0.003,10.43,USD,2026-02-09T11:00:00
517,517,1,2,2026-02-10,TRAIL,0.0025,80.34,USD,2026-02-10T11:00:00
518,518,2,2,2026-02-10,TRAIL,0.005,114.3,USD,2026-02-10T11:00:00
519,519,2,3,2026-02-10,TRAIL,0.0025,22.53,USD,2026-02-10T11:00:00
520,520,1,1,2026-02-10,TRAIL,0.003,26.95,USD,2026-02-10T11:00:00
521,521,1,3,2026-02-10,TRAIL,0.0025,27.82,USD,2026-02-10T11:00:00
522,522,1,3,2026-02-10,TRAIL,0.0025,114.16,USD,2026-02-10T11:00:00
523,523,1,2,2026-02-10,TRAIL,0.004,188.83,USD,2026-02-10T11:00:00
524,524,1,2,2026-02-10,TRAIL,0.004,93.96,USD,2026-02-10T11:00:00
525,525,1,3,2026-02-10,TRAIL,0.004,81.84,USD,2026-02-10T11:00:00
526,526,2,3,2026-02-10,TRAIL,0.005,74.26,USD,2026-02-10T11:00:00
527,527,1,2,2026-02-10,TRAIL,0.004,129.56,USD,2026-02-10T11:00:00
528,528,2,3,2026-02-10,TRAIL,0.003,98.77,USD,2026-02-10T11:00:00
529,529,2,2,2026-02-11,TRAIL,0.005,171.79,USD,2026-02-11T11:00:00
530,530,1,2,2026-02-11,TRAIL,0.003,62.48,USD,2026-02-11T11:00:00
531,531,3,3,2026-02-11,TRAIL,0.005,173.15,USD,2026-02-11T11:00:00
532,532,2,2,2026-02-11,TRAIL,0.003,127.28,USD,2026-02-11T11:00:00
533,533,1,1,2026-02-11,TRAIL,0.003,111.92,USD,2026-02-11T11:00:00
534,534,1,2,2026-02-11,TRAIL,0.004,47.56,USD,2026-02-11T11:00:00
535,535,3,2,2026-02-11,TRAIL,0.0025,74.23,USD,2026-02-11T11:00:00
536,536,2,1,2026-02-11,TRAIL,0.0025,73.99,USD,2026-02-11T11:00:00
537,537,2,3,2026-02-12,TRAIL,0.005,171.77,USD,2026-02-12T11:00:00
538,538,3,1,2026-02-12,TRAIL,0.005,54.07,USD,2026-02-12T11:00:00
539,539,1,2,2026-02-12,TRAIL,0.004,39.35,USD,2026-02-12T11:00:00
540,540,3,1,2026-02-12,TRAIL,0.003,11.53,USD,2026-02-12T11:00:00
541,541,3,1,2026-02-12,TRAIL,0.0025,21.91,USD,2026-02-12T11:00:00
542,542,2,3,2026-02-12,TRAIL,0.005,110.21,USD,2026-02-12T11:00:00
543,543,1,1,2026-02-12,TRAIL,0.0025,26.93,USD,2026-02-12T11:00:00
544,544,1,3,2026-02-12,TRAIL,0.003,102.48,USD,2026-02-12T11:00:00
545,545,1,3,2026-02-12,TRAIL,0.004,65.17,USD,2026-02-12T11:00:00
546,546,2,1,2026-02-12,TRAIL,0.004,62.45,USD,2026-02-12T11:00:00
547,547,1,3,2026-02-12,TRAIL,0.004,71.18,USD,2026-02-12T11:00:00
548,548,3,1,2026-02-12,TRAIL,0.0025,113.59,USD,2026-02-12T11:00:00
549,549,1,1,2026-02-12,TRAIL,0.003,22.29,USD,2026-02-12T11:00:00
550,550,3,2,2026-02-12,TRAIL,0.004,159.26,USD,2026-02-12T11:00:00
551,551,1,3,2026-02-12,TRAIL,0.0025,75.26,USD,2026-02-12T11:00:00
552,552,2,1,2026-02-13,TRAIL,0.004,85.69,USD,2026-02-13T11:00:00
553,553,2,3,2026-02-13,TRAIL,0.004,140.26,USD,2026-02-13T11:00:00
554,554,3,3,2026-02-13,TRAIL,0.003,79.49,USD,2026-02-13T11:00:00
555,555,3,1,2026-02-13,TRAIL,0.0025,78.17,USD,2026-02-13T11:00:00
556,556,2,1,2026-02-13,TRAIL,0.003,117.36,USD,2026-02-13T11:00:00
557,557,3,3,2026-02-13,TRAIL,0.003,26.57,USD,2026-02-13T11:00:00
558,558,3,2,2026-02-13,TRAIL,0.0025,2.84,USD,2026-02-13T11:00:00
559,559,1,3,2026-02-13,TRAIL,0.0025,118.81,USD,2026-02-13T11:00:00
560,560,3,3,2026-02-13,TRAIL,0.004,54.15,USD,2026-02-13T11:00:00
561,561,3,2,2026-02-13,TRAIL,0.004,163.38,USD,2026-02-13T11:00:00
562,562,1,3,2026-02-13,TRAIL,0.0025,92.97,USD,2026-02-13T11:00:00
563,563,3,1,2026-02-13,TRAIL,0.005,46.78,USD,2026-02-13T11:00:00
564,564,2,2,2026-02-13,TRAIL,0.003,16.66,USD,2026-02-13T11:00:00
565,565,3,2,2026-02-13,TRAIL,0.005,116.85,USD,2026-02-13T11:00:00
566,566,3,3,2026-02-13,TRAIL,0.0025,22.93,USD,2026-02-13T11:00:00
567,567,2,1,2026-02-13,TRAIL,0.005,149.73,USD,2026-02-13T11:00:00
568,568,1,3,2026-02-13,TRAIL,0.003,55.71,USD,2026-02-13T11:00:00
569,569,2,2,2026-02-13,TRAIL,0.004,84.61,USD,2026-02-13T11:00:00
570,570,1,1,2026-02-14,TRAIL,0.003,102.66,USD,2026-02-14T11:00:00
571,571,2,2,2026-02-14,TRAIL,0.005,173.62,USD,2026-02-14T11:00:00
572,572,2,3,2026-02-14,TRAIL,0.005,89.71,USD,2026-02-14T11:00:00
573,573,1,3,2026-02-14,TRAIL,0.003,93.1,USD,2026-02-14T11:00:00
574,574,3,2,2026-02-14,TRAIL,0.005,218.01,USD,2026-02-14T11:00:00
575,575,1,1,2026-02-14,TRAIL,0.005,73.15,USD,2026-02-14T11:00:00
576,576,3,1,2026-02-14,TRAIL,0.0025,56.91,USD,2026-02-14T11:00:00
577,577,2,2,2026-02-14,TRAIL,0.0025,122.63,USD,2026-02-14T11:00:00
578,578,3,2,2026-02-14,TRAIL,0.0025,70.75,USD,2026-02-14T11:00:00
579,579,2,3,2026-02-14,TRAIL,0.005,223.08,USD,2026-02-14T11:00:00
580,580,3,2,2026-02-14,TRAIL,0.004,164.05,USD,2026-02-14T11:00:00
581,581,2,3,2026-02-14,TRAIL,0.005,180.58,USD,2026-02-14T11:00:00
582,582,3,1,2026-02-14,TRAIL,0.004,47.46,USD,2026-02-14T11:00:00
583,583,2,3,2026-02-14,TRAIL,0.005,31.05,USD,2026-02-14T11:00:00
584,584,2,3,2026-02-14,TRAIL,0.003,63.15,USD,2026-02-14T11:00:00
585,585,2,1,2026-02-14,TRAIL,0.003,60.76,USD,2026-02-14T11:00:00
586,586,3,2,2026-02-14,TRAIL,0.0025,53.27,USD,2026-02-14T11:00:00
587,587,1,2,2026-02-14,TRAIL,0.005,149.38,USD,2026-02-14T11:00:00
588,588,3,3,2026-02-15,TRAIL,0.005,234.15,USD,2026-02-15T11:00:00
589,589,3,1,2026-02-15,TRAIL,0.0025,23.77,USD,2026-02-15T11:00:00
590,590,1,3,2026-02-15,TRAIL,0.005,221.26,USD,2026-02-15T11:00:00
591,591,3,3,2026-02-15,TRAIL,0.004,153.43,USD,2026-02-15T11:00:00
592,592,1,2,2026-02-15,TRAIL,0.004,31.08,USD,2026-02-15T11:00:00
593,593,3,3,2026-02-15,TRAIL,0.003,107.65,USD,2026-02-15T11:00:00
594,594,2,1,2026-02-15,TRAIL,0.003,45.72,USD,2026-02-15T11:00:00
595,595,3,3,2026-02-15,TRAIL,0.004,38.85,USD,2026-02-15T11:00:00
596,596,3,2,2026-02-16,TRAIL,0.005,147.79,USD,2026-02-16T11:00:00
597,597,1,3,2026-02-16,TRAIL,0.005,135.81,USD,2026-02-16T11:00:00
598,598,3,3,2026-02-16,TRAIL,0.0025,49.16,USD,2026-02-16T11:00:00
599,599,2,2,2026-02-16,TRAIL,0.004,35.54,USD,2026-02-16T11:00:00
600,600,1,1,2026-02-16,TRAIL,0.0025,38.65,USD,2026-02-16T11:00:00
601,601,3,2,2026-02-16,TRAIL,0.003,130.6,USD,2026-02-16T11:00:00
602,602,1,3,2026-02-16,TRAIL,0.004,50.57,USD,2026-02-16T11:00:00
603,603,3,3,2026-02-16,TRAIL,0.004,78.79,USD,2026-02-16T11:00:00
604,604,2,1,2026-02-16,TRAIL,0.005,66.58,USD,2026-02-16T11:00:00
605,605,3,3,2026-02-17,TRAIL,0.003,57.06,USD,2026-02-17T11:00:00
606,606,1,3,2026-02-17,TRAIL,0.0025,38.54,USD,2026-02-17T11:00:00
607,607,1,1,2026-02-17,TRAIL,0.004,27.39,USD,2026-02-17T11:00:00
608,608,2,2,2026-02-17,TRAIL,0.004,118.46,USD,2026-02-17T11:00:00
609,609,2,3,2026-02-17,TRAIL,0.0025,7.39,USD,2026-02-17T11:00:00
610,610,1,3,2026-02-17,TRAIL,0.004,133.73,USD,2026-02-17T11:00:00
611,611,1,3,2026-02-17,TRAIL,0.0025,29.45,USD,2026-02-17T11:00:00
612,612,3,1,2026-02-17,TRAIL,0.003,81.94,USD,2026-02-17T11:00:00
613,613,1,3,2026-02-17,TRAIL,0.005,93.4,USD,2026-02-17T11:00:00
614,614,2,3,2026-02-17,TRAIL,0.003,101.33,USD,2026-02-17T11:00:00
615,615,3,3,2026-02-17,TRAIL,0.0025,49.22,USD,2026-02-17T11:00:00
616,616,3,3,2026-02-18,TRAIL,0.004,8.84,USD,2026-02-18T11:00:00
617,617,3,3,2026-02-18,TRAIL,0.003,9.45,USD,2026-02-18T11:00:00
618,618,1,3,2026-02-18,TRAIL,0.0025,14.25,USD,2026-02-18T11:00:00
619,619,3,1,2026-02-18,TRAIL,0.005,159.23,USD,2026-02-18T11:00:00
620,620,3,1,2026-02-18,TRAIL,0.005,177.17,USD,2026-02-18T11:00:00
621,621,2,1,2026-02-18,TRAIL,0.004,34.14,USD,2026-02-18T11:00:00
622,622,3,1,2026-02-18,TRAIL,0.0025,24.3,USD,2026-02-18T11:00:00
623,623,1,1,2026-02-18,TRAIL,0.005,104.87,USD,2026-02-18T11:00:00
624,624,1,2,2026-02-18,TRAIL,0.0025,84.98,USD,2026-02-18T11:00:00
625,625,3,3,2026-02-18,TRAIL,0.0025,88.36,USD,2026-02-18T11:00:00
626,626,1,3,2026-02-18,TRAIL,0.005,26.19,USD,2026-02-18T11:00:00
627,627,1,2,2026-02-18,TRAIL,0.003,7.53,USD,2026-02-18T11:00:00
628,628,2,3,2026-02-18,TRAIL,0.003,120.23,USD,2026-02-18T11:00:00
629,629,2,3,2026-02-18,TRAIL,0.004,193.21,USD,2026-02-18T11:00:00
630,630,2,3,2026-02-19,TRAIL,0.005,15.23,USD,2026-02-19T11:00:00
631,631,2,3,2026-02-19,TRAIL,0.004,63.72,USD,2026-02-19T11:00:00
632,632,1,2,2026-02-19,TRAIL,0.003,128.16,USD,2026-02-19T11:00:00
633,633,1,3,2026-02-19,TRAIL,0.0025,26.3,USD,2026-02-19T11:00:00
634,634,3,3,2026-02-19,TRAIL,0.0025,69.83,USD,2026-02-19T11:00:00
635,635,3,1,2026-02-19,TRAIL,0.004,117.8,USD,2026-02-19T11:00:00
636,636,2,3,2026-02-19,TRAIL,0.003,17.71,USD,2026-02-19T11:00:00
637,637,1,2,2026-02-19,TRAIL,0.003,93.6,USD,2026-02-19T11:00:00
638,638,1,2,2026-02-20,TRAIL,0.004,191.9,USD,2026-02-20T11:00:00
639,639,2,1,2026-02-20,TRAIL,0.004,129.6,USD,2026-02-20T11:00:00
640,640,2,3,2026-02-20,TRAIL,0.004,176.07,USD,2026-02-20T11:00:00
641,641,1,2,2026-02-20,TRAIL,0.0025,15.83,USD,2026-02-20T11:00:00
642,642,1,1,2026-02-20,TRAIL,0.0025,26.56,USD,2026-02-20T11:00:00
643,643,3,1,2026-02-20,TRAIL,0.005,213.15,USD,2026-02-20T11:00:00
644,644,1,3,2026-02-20,TRAIL,0.005,13.98,USD,2026-02-20T11:00:00
645,645,2,1,2026-02-20,TRAIL,0.004,47.77,USD,2026-02-20T11:00:00
646,646,2,2,2026-02-20,TRAIL,0.0025,13.59,USD,2026-02-20T11:00:00
647,647,2,1,2026-02-20,TRAIL,0.003,121.56,USD,2026-02-20T11:00:00
648,648,3,3,2026-02-20,TRAIL,0.003,26.41,USD,2026-02-20T11:00:00
649,649,1,3,2026-02-20,TRAIL,0.005,92.9,USD,2026-02-20T11:00:00
650,650,1,1,2026-02-20,TRAIL,0.004,49.87,USD,2026-02-20T11:00:00
651,651,1,2,2026-02-20,TRAIL,0.004,176.78,USD,2026-02-20T11:00:00
652,652,3,3,2026-02-20,TRAIL,0.004,128.18,USD,2026-02-20T11:00:00
653,653,2,3,2026-02-20,TRAIL,0.0025,48.64,USD,2026-02-20T11:00:00
654,654,3,2,2026-02-20,TRAIL,0.004,181.82,USD,2026-02-20T11:00:00
655,655,2,2,2026-02-21,TRAIL,0.005,6.62,USD,2026-02-21T11:00:00
656,656,2,1,2026-02-21,TRAIL,0.003,97.59,USD,2026-02-21T11:00:00
657,657,2,2,2026-02-21,TRAIL,0.005,205.15,USD,2026-02-21T11:00:00
658,658,3,3,2026-02-21,TRAIL,0.003,102.26,USD,2026-02-21T11:00:00
659,659,2,2,2026-02-21,TRAIL,0.003,9.34,USD,2026-02-21T11:00:00
660,660,2,3,2026-02-21,TRAIL,0.003,133.95,USD,2026-02-21T11:00:00
661,661,3,1,2026-02-21,TRAIL,0.0025,52.17,USD,2026-02-21T11:00:00
662,662,3,3,2026-02-21,TRAIL,0.005,74.45,USD,2026-02-21T11:00:00
663,663,2,2,2026-02-21,TRAIL,0.003,28.07,USD,2026-02-21T11:00:00
664,664,2,1,2026-02-21,TRAIL,0.004,104.12,USD,2026-02-21T11:00:00
665,665,2,3,2026-02-21,TRAIL,0.0025,30.65,USD,2026-02-21T11:00:00
666,666,2,1,2026-02-21,TRAIL,0.003,136.67,USD,2026-02-21T11:00:00
667,667,2,1,2026-02-21,TRAIL,0.0025,112.95,USD,2026-02-21T11:00:00
668,668,2,3,2026-02-22,TRAIL,0.005,152.85,USD,2026-02-22T11:00:00
669,669,3,2,2026-02-22,TRAIL,0.003,9.39,USD,2026-02-22T11:00:00
670,670,2,2,2026-02-22,TRAIL,0.0025,101.07,USD,2026-02-22T11:00:00
671,671,1,1,2026-02-22,TRAIL,0.0025,96.32,USD,2026-02-22T11:00:00
672,672,1,3,2026-02-22,TRAIL,0.0025,52.56,USD,2026-02-22T11:00:00
673,673,1,3,2026-02-22,TRAIL,0.004,5.41,USD,2026-02-22T11:00:00
674,674,3,2,2026-02-22,TRAIL,0.004,87.51,USD,2026-02-22T11:00:00
675,675,2,2,2026-02-22,TRAIL,0.005,154.91,USD,2026-02-22T11:00:00
676,676,3,1,2026-02-22,TRAIL,0.004,157.62,USD,2026-02-22T11:00:00
677,677,2,2,2026-02-23,TRAIL,0.005,80.13,USD,2026-02-23T11:00:00
678,678,1,1,2026-02-23,TRAIL,0.005,166.52,USD,2026-02-23T11:00:00
679,679,3,1,2026-02-23,TRAIL,0.0025,64.77,USD,2026-02-23T11:00:00
680,680,2,2,2026-02-23,TRAIL,0.003,3.78,USD,2026-02-23T11:00:00
681,681,2,3,2026-02-23,TRAIL,0.0025,10.35,USD,2026-02-23T11:00:00
682,682,2,1,2026-02-23,TRAIL,0.004,186.41,USD,2026-02-23T11:00:00
683,683,3,3,2026-02-23,TRAIL,0.005,194.53,USD,2026-02-23T11:00:00
684,684,1,1,2026-02-23,TRAIL,0.004,132.75,USD,2026-02-23T11:00:00
685,685,2,1,2026-02-23,TRAIL,0.003,78.05,USD,2026-02-23T11:00:00
686,686,1,1,2026-02-23,TRAIL,0.0025,82.74,USD,2026-02-23T11:00:00
687,687,1,2,2026-02-23,TRAIL,0.0025,50.91,USD,2026-02-23T11:00:00
688,688,1,3,2026-02-23,TRAIL,0.004,21.67,USD,2026-02-23T11:00:00
689,689,3,2,2026-02-23,TRAIL,0.005,240.95,USD,2026-02-23T11:00:00
690,690,1,1,2026-02-23,TRAIL,0.0025,52.37,USD,2026-02-23T11:00:00
691,691,3,2,2026-02-23,TRAIL,0.004,26.93,USD,2026-02-23T11:00:00
692,692,2,3,2026-02-23,TRAIL,0.005,113.48,USD,2026-02-23T11:00:00
693,693,3,2,2026-02-24,TRAIL,0.0025,58.71,USD,2026-02-24T11:00:00
694,694,2,1,2026-02-24,TRAIL,0.003,59.25,USD,2026-02-24T11:00:00
695,695,1,3,2026-02-24,TRAIL,0.0025,41.18,USD,2026-02-24T11:00:00
696,696,3,2,2026-02-24,TRAIL,0.004,22.23,USD,2026-02-24T11:00:00
697,697,1,3,2026-02-24,TRAIL,0.004,97.4,USD,2026-02-24T11:00:00
698,698,1,3,2026-02-24,TRAIL,0.003,136.76,USD,2026-02-24T11:00:00
699,699,2,3,2026-02-24,TRAIL,0.003,42.01,USD,2026-02-24T11:00:00
700,700,2,2,2026-02-24,TRAIL,0.005,31.14,USD,2026-02-24T11:00:00
701,701,2,1,2026-02-24,TRAIL,0.005,137.66,USD,2026-02-24T11:00:00
702,702,1,3,2026-02-24,TRAIL,0.004,180.03,USD,2026-02-24T11:00:00
703,703,2,1,2026-02-24,TRAIL,0.003,137.65,USD,2026-02-24T11:00:00
704,704,2,1,2026-02-25,TRAIL,0.0025,54.34,USD,2026-02-25T11:00:00
705,705,3,2,2026-02-25,TRAIL,0.0025,86.58,USD,2026-02-25T11:00:00
706,706,3,3,2026-02-25,TRAIL,0.003,104.31,USD,2026-02-25T11:00:00
707,707,1,3,2026-02-25,TRAIL,0.003,56.16,USD,2026-02-25T11:00:00
708,708,2,2,2026-02-25,TRAIL,0.004,96.38,USD,2026-02-25T11:00:00
709,709,1,2,2026-02-25,TRAIL,0.004,86.14,USD,2026-02-25T11:00:00
710,710,3,2,2026-02-25,TRAIL,0.003,87.0,USD,2026-02-25T11:00:00
711,711,3,3,2026-02-25,TRAIL,0.005,62.77,USD,2026-02-25T11:00:00
712,712,2,1,2026-02-25,TRAIL,0.0025,92.97,USD,2026-02-25T11:00:00
713,713,1,2,2026-02-25,TRAIL,0.004,199.13,USD,2026-02-25T11:00:00
714,714,2,2,2026-02-25,TRAIL,0.0025,107.67,USD,2026-02-25T11:00:00
715,715,3,1,2026-02-25,TRAIL,0.0025,102.19,USD,2026-02-25T11:00:00
716,716,1,3,2026-02-25,TRAIL,0.004,74.75,USD,2026-02-25T11:00:00
717,717,3,1,2026-02-25,TRAIL,0.003,54.61,USD,2026-02-25T11:00:00
718,718,1,3,2026-02-25,TRAIL,0.004,109.53,USD,2026-02-25T11:00:00
719,719,3,2,2026-02-25,TRAIL,0.0025,62.22,USD,2026-02-25T11:00:00
720,720,1,3,2026-02-25,TRAIL,0.003,95.86,USD,2026-02-25T11:00:00
721,721,3,2,2026-02-26,TRAIL,0.0025,72.53,USD,2026-02-26T11:00:00
722,722,1,1,2026-02-26,TRAIL,0.004,65.44,USD,2026-02-26T11:00:00
723,723,2,3,2026-02-26,TRAIL,0.004,177.99,USD,2026-02-26T11:00:00
724,724,1,3,2026-02-26,TRAIL,0.0025,57.66,USD,2026-02-26T11:00:00
725,725,2,3,2026-02-26,TRAIL,0.0025,33.33,USD,2026-02-26T11:00:00
726,726,1,1,2026-02-26,TRAIL,0.005,28.41,USD,2026-02-26T11:00:00
727,727,2,1,2026-02-26,TRAIL,0.0025,51.13,USD,2026-02-26T11:00:00
728,728,3,2,2026-02-26,TRAIL,0.005,25.66,USD,2026-02-26T11:00:00
729,729,2,1,2026-02-26,TRAIL,0.003,44.77,USD,2026-02-26T11:00:00
730,730,3,1,2026-02-26,TRAIL,0.004,134.06,USD,2026-02-26T11:00:00
731,731,2,2,2026-02-26,TRAIL,0.005,137.44,USD,2026-02-26T11:00:00
732,732,2,3,2026-02-26,TRAIL,0.005,149.75,USD,2026-02-26T11:00:00
733,733,3,3,2026-02-26,TRAIL,0.003,48.52,USD,2026-02-26T11:00:00
734,734,1,2,2026-02-26,TRAIL,0.0025,52.99,USD,2026-02-26T11:00:00
735,735,3,3,2026-02-26,TRAIL,0.005,212.75,USD,2026-02-26T11:00:00
736,736,2,1,2026-02-26,TRAIL,0.004,100.42,USD,2026-02-26T11:00:00
737,737,3,2,2026-02-26,TRAIL,0.004,121.01,USD,2026-02-26T11:00:00
738,738,2,2,2026-02-26,TRAIL,0.005,112.09,USD,2026-02-26T11:00:00
739,739,1,2,2026-02-27,TRAIL,0.004,126.56,USD,2026-02-27T11:00:00
740,740,1,3,2026-02-27,TRAIL,0.0025,101.58,USD,2026-02-27T11:00:00
741,741,1,1,2026-02-27,TRAIL,0.004,128.83,USD,2026-02-27T11:00:00
742,742,3,3,2026-02-27,TRAIL,0.0025,41.78,USD,2026-02-27T11:00:00
743,743,1,1,2026-02-27,TRAIL,0.0025,17.82,USD,2026-02-27T11:00:00
744,744,1,1,2026-02-27,TRAIL,0.004,100.74,USD,2026-02-27T11:00:00
745,745,2,2,2026-02-27,TRAIL,0.003,119.34,USD,2026-02-27T11:00:00
746,746,3,2,2026-02-27,TRAIL,0.003,13.49,USD,2026-02-27T11:00:00
747,747,3,2,2026-02-27,TRAIL,0.003,20.93,USD,2026-02-27T11:00:00
748,748,1,2,2026-02-27,TRAIL,0.0025,124.33,USD,2026-02-27T11:00:00
749,749,3,3,2026-02-27,TRAIL,0.004,96.67,USD,2026-02-27T11:00:00
750,750,1,1,2026-02-27,TRAIL,0.0025,7.67,USD,2026-02-27T11:00:00
751,751,3,2,2026-02-27,TRAIL,0.003,32.21,USD,2026-02-27T11:00:00
752,752,3,1,2026-02-27,TRAIL,0.004,67.6,USD,2026-02-27T11:00:00
753,753,3,2,2026-02-28,TRAIL,0.005,7.19,USD,2026-02-28T11:00:00
754,754,3,3,2026-02-28,TRAIL,0.005,193.85,USD,2026-02-28T11:00:00
755,755,1,3,2026-02-28,TRAIL,0.0025,116.53,USD,2026-02-28T11:00:00
756,756,3,2,2026-02-28,TRAIL,0.003,106.1,USD,2026-02-28T11:00:00
757,757,2,1,2026-02-28,TRAIL,0.004,113.44,USD,2026-02-28T11:00:00
758,758,1,3,2026-02-28,TRAIL,0.003,104.32,USD,2026-02-28T11:00:00
759,759,3,1,2026-02-28,TRAIL,0.005,112.19,USD,2026-02-28T11:00:00
760,760,2,3,2026-02-28,TRAIL,0.004,72.14,USD,2026-02-28T11:00:00
761,761,2,3,2026-02-28,TRAIL,0.004,108.1,USD,2026-02-28T11:00:00
762,762,2,2,2026-02-28,TRAIL,0.003,117.06,USD,2026-02-28T11:00:00
763,763,2,3,2026-02-28,TRAIL,0.0025,97.56,USD,2026-02-28T11:00:00
764,764,2,3,2026-02-28,TRAIL,0.003,30.91,USD,2026-02-28T11:00:00
765,765,2,2,2026-02-28,TRAIL,0.0025,81.01,USD,2026-02-28T11:00:00
766,766,3,1,2026-02-28,TRAIL,0.003,7.6,USD,2026-02-28T11:00:00
767,767,3,1,2026-02-28,TRAIL,0.004,167.91,USD,2026-02-28T11:00:00
768,768,3,2,2026-02-28,TRAIL,0.003,108.52,USD,2026-02-28T11:00:00
769,769,2,2,2026-02-28,TRAIL,0.0025,104.43,USD,2026-02-28T11:00:00
770,770,2,3,2026-03-01,TRAIL,0.0025,53.45,USD,2026-03-01T11:00:00
771,771,2,2,2026-03-01,TRAIL,0.0025,92.45,USD,2026-03-01T11:00:00
772,772,1,3,2026-03-01,TRAIL,0.003,109.6,USD,2026-03-01T11:00:00
773,773,2,3,2026-03-01,TRAIL,0.005,144.66,USD,2026-03-01T11:00:00
774,774,1,1,2026-03-01,TRAIL,0.005,146.26,USD,2026-03-01T11:00:00
775,775,3,1,2026-03-01,TRAIL,0.003,83.84,USD,2026-03-01T11:00:00
776,776,2,3,2026-03-01,TRAIL,0.004,73.06,USD,2026-03-01T11:00:00
777,777,1,2,2026-03-01,TRAIL,0.003,66.3,USD,2026-03-01T11:00:00
778,778,1,3,2026-03-01,TRAIL,0.004,154.08,USD,2026-03-01T11:00:00
779,779,1,2,2026-03-01,TRAIL,0.004,81.83,USD,2026-03-01T11:00:00
780,780,2,1,2026-03-01,TRAIL,0.004,198.71,USD,2026-03-01T11:00:00
781,781,1,1,2026-03-01,TRAIL,0.004,8.25,USD,2026-03-01T11:00:00
782,782,2,3,2026-03-01,TRAIL,0.0025,115.93,USD,2026-03-01T11:00:00
783,783,3,1,2026-03-02,TRAIL,0.003,56.96,USD,2026-03-02T11:00:00
784,784,3,2,2026-03-02,TRAIL,0.0025,51.48,USD,2026-03-02T11:00:00
785,785,3,2,2026-03-02,TRAIL,0.0025,23.68,USD,2026-03-02T11:00:00
786,786,2,3,2026-03-02,TRAIL,0.0025,92.02,USD,2026-03-02T11:00:00
787,787,1,1,2026-03-02,TRAIL,0.005,86.93,USD,2026-03-02T11:00:00
788,788,3,1,2026-03-02,TRAIL,0.0025,30.27,USD,2026-03-02T11:00:00
789,789,3,3,2026-03-02,TRAIL,0.003,47.8,USD,2026-03-02T11:00:00
790,790,1,3,2026-03-02,TRAIL,0.005,42.53,USD,2026-03-02T11:00:00
791,791,1,3,2026-03-02,TRAIL,0.005,27.07,USD,2026-03-02T11:00:00
792,792,1,1,2026-03-02,TRAIL,0.005,121.58,USD,2026-03-02T11:00:00
793,793,3,1,2026-03-02,TRAIL,0.003,66.87,USD,2026-03-02T11:00:00
794,794,2,3,2026-03-02,TRAIL,0.003,61.11,USD,2026-03-02T11:00:00
795,795,2,1,2026-03-02,TRAIL,0.0025,55.18,USD,2026-03-02T11:00:00
796,796,3,3,2026-03-02,TRAIL,0.004,75.59,USD,2026-03-02T11:00:00
797,797,2,3,2026-03-02,TRAIL,0.005,79.68,USD,2026-03-02T11:00:00
798,798,1,2,2026-03-03,TRAIL,0.004,164.36,USD,2026-03-03T11:00:00
799,799,1,3,2026-03-03,TRAIL,0.003,19.52,USD,2026-03-03T11:00:00
800,800,1,1,2026-03-03,TRAIL,0.005,202.05,USD,2026-03-03T11:00:00
801,801,2,2,2026-03-03,TRAIL,0.004,109.45,USD,2026-03-03T11:00:00
802,802,2,2,2026-03-03,TRAIL,0.0025,124.06,USD,2026-03-03T11:00:00
803,803,1,3,2026-03-03,TRAIL,0.0025,67.03,USD,2026-03-03T11:00:00
804,804,1,1,2026-03-03,TRAIL,0.0025,78.2,USD,2026-03-03T11:00:00
805,805,1,2,2026-03-03,TRAIL,0.004,133.94,USD,2026-03-03T11:00:00
806,806,3,1,2026-03-03,TRAIL,0.005,221.43,USD,2026-03-03T11:00:00
807,807,3,3,2026-03-03,TRAIL,0.0025,41.14,USD,2026-03-03T11:00:00
808,808,1,1,2026-03-03,TRAIL,0.0025,58.6,USD,2026-03-03T11:00:00
809,809,3,1,2026-03-03,TRAIL,0.003,47.82,USD,2026-03-03T11:00:00
810,810,2,2,2026-03-03,TRAIL,0.004,73.65,USD,2026-03-03T11:00:00
811,811,3,3,2026-03-03,TRAIL,0.0025,49.93,USD,2026-03-03T11:00:00
812,812,2,2,2026-03-03,TRAIL,0.003,53.24,USD,2026-03-03T11:00:00
813,813,1,3,2026-03-03,TRAIL,0.003,144.21,USD,2026-03-03T11:00:00
814,814,3,1,2026-03-03,TRAIL,0.004,87.59,USD,2026-03-03T11:00:00
815,815,2,1,2026-03-04,TRAIL,0.003,23.37,USD,2026-03-04T11:00:00
816,816,2,2,2026-03-04,TRAIL,0.005,225.17,USD,2026-03-04T11:00:00
817,817,1,1,2026-03-04,TRAIL,0.0025,71.69,USD,2026-03-04T11:00:00
818,818,2,3,2026-03-04,TRAIL,0.003,20.4,USD,2026-03-04T11:00:00
819,819,3,1,2026-03-04,TRAIL,0.005,220.63,USD,2026-03-04T11:00:00
820,820,2,2,2026-03-04,TRAIL,0.004,165.05,USD,2026-03-04T11:00:00
821,821,1,1,2026-03-04,TRAIL,0.004,40.21,USD,2026-03-04T11:00:00
822,822,2,3,2026-03-04,TRAIL,0.0025,75.55,USD,2026-03-04T11:00:00
823,823,3,1,2026-03-04,TRAIL,0.005,121.77,USD,2026-03-04T11:00:00
824,824,3,3,2026-03-04,TRAIL,0.003,128.26,USD,2026-03-04T11:00:00
825,825,2,1,2026-03-04,TRAIL,0.004,84.08,USD,2026-03-04T11:00:00
826,826,3,1,2026-03-04,TRAIL,0.0025,123.56,USD,2026-03-04T11:00:00
827,827,1,2,2026-03-04,TRAIL,0.005,125.04,USD,2026-03-04T11:00:00
828,828,2,2,2026-03-04,TRAIL,0.005,15.25,USD,2026-03-04T11:00:00
829,829,3,2,2026-03-04,TRAIL,0.0025,117.54,USD,2026-03-04T11:00:00
830,830,3,2,2026-03-05,TRAIL,0.003,132.03,USD,2026-03-05T11:00:00
831,831,3,3,2026-03-05,TRAIL,0.0025,92.56,USD,2026-03-05T11:00:00
832,832,2,2,2026-03-05,TRAIL,0.004,177.34,USD,2026-03-05T11:00:00
833,833,2,1,2026-03-05,TRAIL,0.003,93.13,USD,2026-03-05T11:00:00
834,834,2,3,2026-03-05,TRAIL,0.003,109.23,USD,2026-03-05T11:00:00
835,835,3,2,2026-03-05,TRAIL,0.003,6.66,USD,2026-03-05T11:00:00
836,836,2,1,2026-03-05,TRAIL,0.003,104.68,USD,2026-03-05T11:00:00
837,837,3,3,2026-03-05,TRAIL,0.004,26.38,USD,2026-03-05T11:00:00
838,838,1,3,2026-03-05,TRAIL,0.003,109.85,USD,2026-03-05T11:00:00
839,839,1,3,2026-03-05,TRAIL,0.003,115.93,USD,2026-03-05T11:00:00
840,840,2,1,2026-03-05,TRAIL,0.004,143.56,USD,2026-03-05T11:00:00
841,841,3,2,2026-03-05,TRAIL,0.003,29.56,USD,2026-03-05T11:00:00
842,842,3,3,2026-03-05,TRAIL,0.005,7.99,USD,2026-03-05T11:00:00
843,843,2,1,2026-03-05,TRAIL,0.005,125.9,USD,2026-03-05T11:00:00
844,844,2,2,2026-03-05,TRAIL,0.004,121.84,USD,2026-03-05T11:00:00
845,845,2,3,2026-03-05,TRAIL,0.003,124.31,USD,2026-03-05T11:00:00
846,846,2,2,2026-03-06,TRAIL,0.004,171.35,USD,2026-03-06T11:00:00
847,847,3,1,2026-03-06,TRAIL,0.004,85.72,USD,2026-03-06T11:00:00
848,848,2,3,2026-03-06,TRAIL,0.003,90.46,USD,2026-03-06T11:00:00
849,849,2,3,2026-03-06,TRAIL,0.004,186.57,USD,2026-03-06T11:00:00
850,850,1,2,2026-03-06,TRAIL,0.0025,102.98,USD,2026-03-06T11:00:00
851,851,1,2,2026-03-06,TRAIL,0.005,175.18,USD,2026-03-06T11:00:00
852,852,3,1,2026-03-06,TRAIL,0.0025,77.48,USD,2026-03-06T11:00:00
853,853,2,3,2026-03-06,TRAIL,0.004,187.04,USD,2026-03-06T11:00:00
854,854,2,2,2026-03-07,TRAIL,0.003,87.55,USD,2026-03-07T11:00:00
855,855,2,3,2026-03-07,TRAIL,0.003,110.19,USD,2026-03-07T11:00:00
856,856,2,1,2026-03-07,TRAIL,0.0025,122.46,USD,2026-03-07T11:00:00
857,857,2,3,2026-03-07,TRAIL,0.005,185.68,USD,2026-03-07T11:00:00
858,858,3,1,2026-03-07,TRAIL,0.0025,71.15,USD,2026-03-07T11:00:00
859,859,3,1,2026-03-07,TRAIL,0.004,53.87,USD,2026-03-07T11:00:00
860,860,3,3,2026-03-07,TRAIL,0.004,5.2,USD,2026-03-07T11:00:00
861,861,3,3,2026-03-07,TRAIL,0.003,144.14,USD,2026-03-07T11:00:00
862,862,3,2,2026-03-07,TRAIL,0.0025,61.19,USD,2026-03-07T11:00:00
863,863,2,1,2026-03-07,TRAIL,0.004,126.93,USD,2026-03-07T11:00:00
864,864,2,2,2026-03-07,TRAIL,0.004,14.98,USD,2026-03-07T11:00:00
865,865,2,3,2026-03-07,TRAIL,0.004,117.17,USD,2026-03-07T11:00:00
866,866,1,1,2026-03-07,TRAIL,0.003,7.58,USD,2026-03-07T11:00:00
867,867,1,3,2026-03-07,TRAIL,0.004,120.66,USD,2026-03-07T11:00:00
868,868,3,1,2026-03-08,TRAIL,0.004,21.01,USD,2026-03-08T11:00:00
869,869,1,2,2026-03-08,TRAIL,0.0025,39.53,USD,2026-03-08T11:00:00
870,870,1,1,2026-03-08,TRAIL,0.005,113.72,USD,2026-03-08T11:00:00
871,871,3,1,2026-03-08,TRAIL,0.004,185.03,USD,2026-03-08T11:00:00
872,872,1,2,2026-03-08,TRAIL,0.003,131.15,USD,2026-03-08T11:00:00
873,873,1,3,2026-03-08,TRAIL,0.0025,49.98,USD,2026-03-08T11:00:00
874,874,3,2,2026-03-08,TRAIL,0.0025,86.66,USD,2026-03-08T11:00:00
875,875,3,2,2026-03-08,TRAIL,0.004,24.21,USD,2026-03-08T11:00:00
876,876,2,3,2026-03-08,TRAIL,0.003,96.91,USD,2026-03-08T11:00:00
877,877,2,2,2026-03-08,TRAIL,0.0025,41.6,USD,2026-03-08T11:00:00
878,878,1,1,2026-03-08,TRAIL,0.0025,16.52,USD,2026-03-08T11:00:00
879,879,1,3,2026-03-08,TRAIL,0.004,66.42,USD,2026-03-08T11:00:00
880,880,1,1,2026-03-08,TRAIL,0.005,81.29,USD,2026-03-08T11:00:00
881,881,2,1,2026-03-09,TRAIL,0.0025,85.25,USD,2026-03-09T11:00:00
882,882,1,2,2026-03-09,TRAIL,0.005,177.65,USD,2026-03-09T11:00:00
883,883,2,2,2026-03-09,TRAIL,0.0025,102.64,USD,2026-03-09T11:00:00
884,884,3,2,2026-03-09,TRAIL,0.005,27.76,USD,2026-03-09T11:00:00
885,885,3,2,2026-03-09,TRAIL,0.005,162.88,USD,2026-03-09T11:00:00
886,886,1,1,2026-03-09,TRAIL,0.004,179.56,USD,2026-03-09T11:00:00
887,887,3,1,2026-03-09,TRAIL,0.004,134.38,USD,2026-03-09T11:00:00
888,888,2,2,2026-03-09,TRAIL,0.005,121.46,USD,2026-03-09T11:00:00
889,889,1,2,2026-03-10,TRAIL,0.0025,18.11,USD,2026-03-10T11:00:00
890,890,1,3,2026-03-10,TRAIL,0.005,199.15,USD,2026-03-10T11:00:00
891,891,2,2,2026-03-10,TRAIL,0.005,64.7,USD,2026-03-10T11:00:00
892,892,1,1,2026-03-10,TRAIL,0.005,204.41,USD,2026-03-10T11:00:00
893,893,1,2,2026-03-10,TRAIL,0.0025,31.43,USD,2026-03-10T11:00:00
894,894,1,3,2026-03-10,TRAIL,0.005,124.22,USD,2026-03-10T11:00:00
895,895,1,3,2026-03-10,TRAIL,0.005,114.08,USD,2026-03-10T11:00:00
896,896,1,3,2026-03-10,TRAIL,0.005,204.45,USD,2026-03-10T11:00:00
897,897,1,2,2026-03-10,TRAIL,0.003,12.04,USD,2026-03-10T11:00:00
898,898,2,3,2026-03-10,TRAIL,0.005,190.48,USD,2026-03-10T11:00:00
899,899,1,2,2026-03-11,TRAIL,0.004,91.64,USD,2026-03-11T11:00:00
900,900,2,3,2026-03-11,TRAIL,0.005,171.49,USD,2026-03-11T11:00:00
901,901,3,2,2026-03-11,TRAIL,0.005,147.77,USD,2026-03-11T11:00:00
902,902,2,2,2026-03-11,TRAIL,0.0025,112.88,USD,2026-03-11T11:00:00
903,903,3,3,2026-03-11,TRAIL,0.0025,46.51,USD,2026-03-11T11:00:00
904,904,2,2,2026-03-11,TRAIL,0.005,101.6,USD,2026-03-11T11:00:00
905,905,3,2,2026-03-11,TRAIL,0.003,34.05,USD,2026-03-11T11:00:00
906,906,2,3,2026-03-11,TRAIL,0.003,138.9,USD,2026-03-11T11:00:00
907,907,1,3,2026-03-11,TRAIL,0.003,4.71,USD,2026-03-11T11:00:00
908,908,3,2,2026-03-11,TRAIL,0.003,146.32,USD,2026-03-11T11:00:00
909,909,2,2,2026-03-11,TRAIL,0.005,223.93,USD,2026-03-11T11:00:00
910,910,2,1,2026-03-11,TRAIL,0.005,108.91,USD,2026-03-11T11:00:00
911,911,3,1,2026-03-11,TRAIL,0.003,91.87,USD,2026-03-11T11:00:00
912,912,3,3,2026-03-11,TRAIL,0.0025,116.0,USD,2026-03-11T11:00:00
913,913,3,3,2026-03-11,TRAIL,0.0025,47.65,USD,2026-03-11T11:00:00
914,914,1,3,2026-03-11,TRAIL,0.004,196.78,USD,2026-03-11T11:00:00
915,915,3,1,2026-03-12,TRAIL,0.0025,77.23,USD,2026-03-12T11:00:00
916,916,1,3,2026-03-12,TRAIL,0.004,117.61,USD,2026-03-12T11:00:00
917,917,2,1,2026-03-12,TRAIL,0.004,104.48,USD,2026-03-12T11:00:00
918,918,3,2,2026-03-12,TRAIL,0.0025,100.28,USD,2026-03-12T11:00:00
919,919,3,3,2026-03-12,TRAIL,0.0025,91.55,USD,2026-03-12T11:00:00
920,920,3,2,2026-03-12,TRAIL,0.004,116.28,USD,2026-03-12T11:00:00
921,921,1,3,2026-03-12,TRAIL,0.0025,61.88,USD,2026-03-12T11:00:00
922,922,1,2,2026-03-12,TRAIL,0.0025,36.92,USD,2026-03-12T11:00:00
923,923,1,1,2026-03-12,TRAIL,0.005,227.98,USD,2026-03-12T11:00:00
924,924,1,1,2026-03-12,TRAIL,0.0025,88.34,USD,2026-03-12T11:00:00
925,925,3,1,2026-03-12,TRAIL,0.005,150.91,USD,2026-03-12T11:00:00
926,926,3,2,2026-03-12,TRAIL,0.003,37.98,USD,2026-03-12T11:00:00
927,927,1,3,2026-03-12,TRAIL,0.0025,44.77,USD,2026-03-12T11:00:00
928,928,3,1,2026-03-12,TRAIL,0.003,73.01,USD,2026-03-12T11:00:00
929,929,1,3,2026-03-12,TRAIL,0.005,121.27,USD,2026-03-12T11:00:00
930,930,1,2,2026-03-13,TRAIL,0.0025,41.17,USD,2026-03-13T11:00:00
931,931,3,3,2026-03-13,TRAIL,0.004,191.41,USD,2026-03-13T11:00:00
932,932,3,2,2026-03-13,TRAIL,0.005,29.08,USD,2026-03-13T11:00:00
933,933,2,3,2026-03-13,TRAIL,0.003,110.94,USD,2026-03-13T11:00:00
934,934,3,2,2026-03-13,TRAIL,0.0025,124.17,USD,2026-03-13T11:00:00
935,935,1,1,2026-03-13,TRAIL,0.0025,3.97,USD,2026-03-13T11:00:00
936,936,1,2,2026-03-13,TRAIL,0.0025,91.34,USD,2026-03-13T11:00:00
937,937,2,3,2026-03-13,TRAIL,0.003,140.96,USD,2026-03-13T11:00:00
938,938,3,1,2026-03-14,TRAIL,0.003,20.64,USD,2026-03-14T11:00:00
939,939,1,3,2026-03-14,TRAIL,0.003,98.24,USD,2026-03-14T11:00:00
940,940,3,3,2026-03-14,TRAIL,0.0025,38.58,USD,2026-03-14T11:00:00
941,941,3,2,2026-03-14,TRAIL,0.004,58.17,USD,2026-03-14T11:00:00
942,942,3,1,2026-03-14,TRAIL,0.005,72.94,USD,2026-03-14T11:00:00
943,943,3,1,2026-03-14,TRAIL,0.0025,102.07,USD,2026-03-14T11:00:00
944,944,2,1,2026-03-14,TRAIL,0.003,29.23,USD,2026-03-14T11:00:00
945,945,2,2,2026-03-14,TRAIL,0.004,130.09,USD,2026-03-14T11:00:00
946,946,3,1,2026-03-14,TRAIL,0.005,144.98,USD,2026-03-14T11:00:00
947,947,2,2,2026-03-14,TRAIL,0.005,161.88,USD,2026-03-14T11:00:00
948,948,1,1,2026-03-14,TRAIL,0.005,226.63,USD,2026-03-14T11:00:00
949,949,2,2,2026-03-14,TRAIL,0.0025,91.65,USD,2026-03-14T11:00:00
950,950,2,1,2026-03-14,TRAIL,0.005,238.77,USD,2026-03-14T11:00:00
951,951,3,3,2026-03-14,TRAIL,0.004,198.35,USD,2026-03-14T11:00:00
952,952,3,1,2026-03-14,TRAIL,0.004,191.93,USD,2026-03-14T11:00:00
953,953,1,2,2026-03-14,TRAIL,0.0025,38.02,USD,2026-03-14T11:00:00
954,954,1,3,2026-03-14,TRAIL,0.004,140.39,USD,2026-03-14T11:00:00
955,955,1,3,2026-03-15,TRAIL,0.0025,25.71,USD,2026-03-15T11:00:00
956,956,3,3,2026-03-15,TRAIL,0.004,80.2,USD,2026-03-15T11:00:00
957,957,2,3,2026-03-15,TRAIL,0.0025,101.94,USD,2026-03-15T11:00:00
958,958,3,2,2026-03-15,TRAIL,0.0025,99.0,USD,2026-03-15T11:00:00
959,959,1,3,2026-03-15,TRAIL,0.003,70.38,USD,2026-03-15T11:00:00
960,960,1,3,2026-03-15,TRAIL,0.005,22.65,USD,2026-03-15T11:00:00
961,961,2,1,2026-03-15,TRAIL,0.003,137.95,USD,2026-03-15T11:00:00
962,962,3,1,2026-03-15,TRAIL,0.0025,113.32,USD,2026-03-15T11:00:00
963,963,2,3,2026-03-15,TRAIL,0.0025,74.9,USD,2026-03-15T11:00:00
964,964,3,2,2026-03-15,TRAIL,0.003,93.5,USD,2026-03-15T11:00:00
965,965,1,2,2026-03-15,TRAIL,0.004,196.51,USD,2026-03-15T11:00:00
966,966,3,3,2026-03-15,TRAIL,0.003,23.19,USD,2026-03-15T11:00:00
967,967,3,1,2026-03-15,TRAIL,0.003,52.32,USD,2026-03-15T11:00:00
968,968,3,2,2026-03-15,TRAIL,0.003,57.38,USD,2026-03-15T11:00:00
969,969,2,1,2026-03-15,TRAIL,0.005,198.81,USD,2026-03-15T11:00:00
970,970,2,2,2026-03-16,TRAIL,0.004,5.42,USD,2026-03-16T11:00:00
971,971,3,3,2026-03-16,TRAIL,0.003,116.57,USD,2026-03-16T11:00:00
972,972,1,3,2026-03-16,TRAIL,0.003,69.21,USD,2026-03-16T11:00:00
973,973,2,3,2026-03-16,TRAIL,0.0025,24.55,USD,2026-03-16T11:00:00
974,974,3,2,2026-03-16,TRAIL,0.0025,3.06,USD,2026-03-16T11:00:00
975,975,3,1,2026-03-16,TRAIL,0.003,129.82,USD,2026-03-16T11:00:00
976,976,2,3,2026-03-16,TRAIL,0.003,43.63,USD,2026-03-16T11:00:00
977,977,1,2,2026-03-16,TRAIL,0.0025,22.07,USD,2026-03-16T11:00:00
978,978,2,2,2026-03-16,TRAIL,0.005,111.49,USD,2026-03-16T11:00:00
979,979,3,1,2026-03-16,TRAIL,0.0025,115.8,USD,2026-03-16T11:00:00
980,980,3,1,2026-03-17,TRAIL,0.004,50.12,USD,2026-03-17T11:00:00
981,981,3,1,2026-03-17,TRAIL,0.0025,112.55,USD,2026-03-17T11:00:00
982,982,1,1,2026-03-17,TRAIL,0.005,185.75,USD,2026-03-17T11:00:00
983,983,1,1,2026-03-17,TRAIL,0.003,74.21,USD,2026-03-17T11:00:00
984,984,1,3,2026-03-17,TRAIL,0.003,59.94,USD,2026-03-17T11:00:00
985,985,3,2,2026-03-17,TRAIL,0.0025,27.27,USD,2026-03-17T11:00:00
986,986,1,1,2026-03-17,TRAIL,0.004,95.24,USD,2026-03-17T11:00:00
987,987,1,2,2026-03-17,TRAIL,0.003,119.06,USD,2026-03-17T11:00:00
988,988,1,3,2026-03-17,TRAIL,0.005,26.19,USD,2026-03-17T11:00:00
989,989,1,3,2026-03-17,TRAIL,0.005,118.38,USD,2026-03-17T11:00:00
990,990,1,1,2026-03-17,TRAIL,0.003,66.83,USD,2026-03-17T11:00:00
991,991,1,1,2026-03-17,TRAIL,0.0025,7.92,USD,2026-03-17T11:00:00
992,992,1,3,2026-03-17,TRAIL,0.0025,101.69,USD,2026-03-17T11:00:00
993,993,1,2,2026-03-17,TRAIL,0.005,141.83,USD,2026-03-17T11:00:00
994,994,1,1,2026-03-17,TRAIL,0.0025,31.79,USD,2026-03-17T11:00:00
995,995,2,2,2026-03-18,TRAIL,0.0025,58.76,USD,2026-03-18T11:00:00
996,996,2,2,2026-03-18,TRAIL,0.004,175.34,USD,2026-03-18T11:00:00
997,997,3,2,2026-03-18,TRAIL,0.005,5.33,USD,2026-03-18T11:00:00
998,998,3,2,2026-03-18,TRAIL,0.003,46.6,USD,2026-03-18T11:00:00
999,999,1,1,2026-03-18,TRAIL,0.004,69.8,USD,2026-03-18T11:00:00
1000,1000,3,1,2026-03-18,TRAIL,0.004,95.21,USD,2026-03-18T11:00:00
1001,1001,1,3,2026-03-18,TRAIL,0.003,12.85,USD,2026-03-18T11:00:00
1002,1002,2,2,2026-03-18,TRAIL,0.003,19.69,USD,2026-03-18T11:00:00
1003,1003,3,3,2026-03-18,TRAIL,0.005,83.51,USD,2026-03-18T11:00:00
1004,1004,1,1,2026-03-18,TRAIL,0.0025,44.79,USD,2026-03-18T11:00:00
1005,1005,2,3,2026-03-18,TRAIL,0.005,207.22,USD,2026-03-18T11:00:00
1006,1006,2,2,2026-03-18,TRAIL,0.0025,118.31,USD,2026-03-18T11:00:00
1007,1007,2,2,2026-03-18,TRAIL,0.0025,50.36,USD,2026-03-18T11:00:00
1008,1008,3,1,2026-03-18,TRAIL,0.003,105.47,USD,2026-03-18T11:00:00
1009,1009,3,3,2026-03-18,TRAIL,0.003,64.23,USD,2026-03-18T11:00:00
1010,1010,3,2,2026-03-19,TRAIL,0.0025,81.47,USD,2026-03-19T11:00:00
1011,1011,2,1,2026-03-19,TRAIL,0.004,105.85,USD,2026-03-19T11:00:00
1012,1012,2,3,2026-03-19,TRAIL,0.005,124.11,USD,2026-03-19T11:00:00
1013,1013,2,2,2026-03-19,TRAIL,0.004,180.06,USD,2026-03-19T11:00:00
1014,1014,1,2,2026-03-19,TRAIL,0.003,45.36,USD,2026-03-19T11:00:00
1015,1015,3,2,2026-03-19,TRAIL,0.004,36.61,USD,2026-03-19T11:00:00
1016,1016,1,1,2026-03-19,TRAIL,0.003,104.85,USD,2026-03-19T11:00:00
1017,1017,2,1,2026-03-19,TRAIL,0.005,248.47,USD,2026-03-19T11:00:00
1018,1018,3,2,2026-03-19,TRAIL,0.004,114.25,USD,2026-03-19T11:00:00
1019,1019,3,1,2026-03-19,TRAIL,0.004,109.81,USD,2026-03-19T11:00:00
1020,1020,3,1,2026-03-19,TRAIL,0.005,127.36,USD,2026-03-19T11:00:00
1021,1021,1,1,2026-03-19,TRAIL,0.004,148.75,USD,2026-03-19T11:00:00
1022,1022,2,3,2026-03-19,TRAIL,0.003,134.71,USD,2026-03-19T11:00:00
1023,1023,1,3,2026-03-19,TRAIL,0.005,113.32,USD,2026-03-19T11:00:00
1024,1024,3,1,2026-03-19,TRAIL,0.003,20.18,USD,2026-03-19T11:00:00
1025,1025,3,1,2026-03-20,TRAIL,0.003,92.4,USD,2026-03-20T11:00:00
1026,1026,1,2,2026-03-20,TRAIL,0.0025,12.74,USD,2026-03-20T11:00:00
1027,1027,3,2,2026-03-20,TRAIL,0.0025,41.43,USD,2026-03-20T11:00:00
1028,1028,2,2,2026-03-20,TRAIL,0.005,180.41,USD,2026-03-20T11:00:00
1029,1029,1,1,2026-03-20,TRAIL,0.0025,45.54,USD,2026-03-20T11:00:00
1030,1030,1,3,2026-03-20,TRAIL,0.005,186.67,USD,2026-03-20T11:00:00
1031,1031,1,1,2026-03-20,TRAIL,0.005,242.74,USD,2026-03-20T11:00:00
1032,1032,2,3,2026-03-20,TRAIL,0.004,32.15,USD,2026-03-20T11:00:00
1033,1033,1,3,2026-03-20,TRAIL,0.004,21.34,USD,2026-03-20T11:00:00
1034,1034,3,1,2026-03-20,TRAIL,0.003,107.41,USD,2026-03-20T11:00:00
1035,1035,2,1,2026-03-20,TRAIL,0.004,60.73,USD,2026-03-20T11:00:00
1036,1036,2,2,2026-03-20,TRAIL,0.0025,93.13,USD,2026-03-20T11:00:00
1037,1037,1,2,2026-03-20,TRAIL,0.0025,80.97,USD,2026-03-20T11:00:00
1038,1038,2,3,2026-03-20,TRAIL,0.003,64.32,USD,2026-03-20T11:00:00
1039,1039,2,1,2026-03-20,TRAIL,0.004,100.64,USD,2026-03-20T11:00:00
1040,1040,2,3,2026-03-21,TRAIL,0.0025,34.09,USD,2026-03-21T11:00:00
1041,1041,1,3,2026-03-21,TRAIL,0.0025,4.65,USD,2026-03-21T11:00:00
1042,1042,1,2,2026-03-21,TRAIL,0.0025,87.43,USD,2026-03-21T11:00:00
1043,1043,1,2,2026-03-21,TRAIL,0.004,182.77,USD,2026-03-21T11:00:00
1044,1044,1,3,2026-03-21,TRAIL,0.003,14.29,USD,2026-03-21T11:00:00
1045,1045,3,1,2026-03-21,TRAIL,0.004,36.76,USD,2026-03-21T11:00:00
1046,1046,1,2,2026-03-21,TRAIL,0.004,140.8,USD,2026-03-21T11:00:00
1047,1047,1,1,2026-03-21,TRAIL,0.005,73.95,USD,2026-03-21T11:00:00
1048,1048,3,1,2026-03-21,TRAIL,0.003,25.72,USD,2026-03-21T11:00:00
1049,1049,2,3,2026-03-21,TRAIL,0.0025,119.18,USD,2026-03-21T11:00:00
1050,1050,3,2,2026-03-21,TRAIL,0.0025,16.78,USD,2026-03-21T11:00:00
1051,1051,2,2,2026-03-21,TRAIL,0.004,75.06,USD,2026-03-21T11:00:00
1052,1052,1,3,2026-03-21,TRAIL,0.003,112.44,USD,2026-03-21T11:00:00
1053,1053,3,1,2026-03-21,TRAIL,0.0025,40.16,USD,2026-03-21T11:00:00
1054,1054,1,3,2026-03-21,TRAIL,0.005,32.37,USD,2026-03-21T11:00:00
1055,1055,3,2,2026-03-21,TRAIL,0.0025,15.71,USD,2026-03-21T11:00:00
1056,1056,2,1,2026-03-21,TRAIL,0.0025,7.8,USD,2026-03-21T11:00:00
1057,1057,3,3,2026-03-22,TRAIL,0.004,180.63,USD,2026-03-22T11:00:00
1058,1058,2,1,2026-03-22,TRAIL,0.004,150.25,USD,2026-03-22T11:00:00
1059,1059,3,1,2026-03-22,TRAIL,0.0025,98.15,USD,2026-03-22T11:00:00
1060,1060,3,3,2026-03-22,TRAIL,0.004,107.65,USD,2026-03-22T11:00:00
1061,1061,2,3,2026-03-22,TRAIL,0.005,182.71,USD,2026-03-22T11:00:00
1062,1062,1,3,2026-03-22,TRAIL,0.003,67.63,USD,2026-03-22T11:00:00
1063,1063,3,2,2026-03-22,TRAIL,0.004,104.79,USD,2026-03-22T11:00:00
1064,1064,3,2,2026-03-22,TRAIL,0.004,30.64,USD,2026-03-22T11:00:00
1065,1065,2,3,2026-03-22,TRAIL,0.004,68.31,USD,2026-03-22T11:00:00
1066,1066,2,3,2026-03-23,TRAIL,0.005,244.16,USD,2026-03-23T11:00:00
1067,1067,1,2,2026-03-23,TRAIL,0.005,22.05,USD,2026-03-23T11:00:00
1068,1068,1,2,2026-03-23,TRAIL,0.0025,124.84,USD,2026-03-23T11:00:00
1069,1069,3,2,2026-03-23,TRAIL,0.005,170.75,USD,2026-03-23T11:00:00
1070,1070,3,3,2026-03-23,TRAIL,0.003,17.95,USD,2026-03-23T11:00:00
1071,1071,1,2,2026-03-23,TRAIL,0.005,87.96,USD,2026-03-23T11:00:00
1072,1072,3,1,2026-03-23,TRAIL,0.004,146.14,USD,2026-03-23T11:00:00
1073,1073,3,3,2026-03-23,TRAIL,0.005,92.24,USD,2026-03-23T11:00:00
1074,1074,2,3,2026-03-23,TRAIL,0.004,154.53,USD,2026-03-23T11:00:00
1075,1075,2,2,2026-03-23,TRAIL,0.0025,117.94,USD,2026-03-23T11:00:00
1076,1076,1,2,2026-03-23,TRAIL,0.004,194.53,USD,2026-03-23T11:00:00
1077,1077,1,2,2026-03-23,TRAIL,0.005,28.6,USD,2026-03-23T11:00:00
1078,1078,2,1,2026-03-23,TRAIL,0.004,101.59,USD,2026-03-23T11:00:00
1079,1079,2,3,2026-03-23,TRAIL,0.0025,96.09,USD,2026-03-23T11:00:00
1080,1080,1,2,2026-03-23,TRAIL,0.0025,48.6,USD,2026-03-23T11:00:00
1081,1081,2,3,2026-03-24,TRAIL,0.005,79.25,USD,2026-03-24T11:00:00
1082,1082,1,1,2026-03-24,TRAIL,0.005,100.32,USD,2026-03-24T11:00:00
1083,1083,2,3,2026-03-24,TRAIL,0.003,87.11,USD,2026-03-24T11:00:00
1084,1084,3,1,2026-03-24,TRAIL,0.004,100.96,USD,2026-03-24T11:00:00
1085,1085,1,2,2026-03-24,TRAIL,0.004,9.52,USD,2026-03-24T11:00:00
1086,1086,3,3,2026-03-24,TRAIL,0.005,192.47,USD,2026-03-24T11:00:00
1087,1087,3,2,2026-03-24,TRAIL,0.003,55.53,USD,2026-03-24T11:00:00
1088,1088,2,1,2026-03-24,TRAIL,0.0025,75.09,USD,2026-03-24T11:00:00
1089,1089,2,1,2026-03-24,TRAIL,0.005,9.83,USD,2026-03-24T11:00:00
1090,1090,2,2,2026-03-24,TRAIL,0.005,225.85,USD,2026-03-24T11:00:00
1091,1091,2,2,2026-03-25,TRAIL,0.005,100.62,USD,2026-03-25T11:00:00
1092,1092,3,3,2026-03-25,TRAIL,0.004,69.85,USD,2026-03-25T11:00:00
1093,1093,2,3,2026-03-25,TRAIL,0.0025,121.25,USD,2026-03-25T11:00:00
1094,1094,2,1,2026-03-25,TRAIL,0.005,16.65,USD,2026-03-25T11:00:00
1095,1095,1,3,2026-03-25,TRAIL,0.0025,13.76,USD,2026-03-25T11:00:00
1096,1096,2,2,2026-03-25,TRAIL,0.005,143.77,USD,2026-03-25T11:00:00
1097,1097,1,2,2026-03-25,TRAIL,0.004,131.7,USD,2026-03-25T11:00:00
1098,1098,1,3,2026-03-25,TRAIL,0.005,54.02,USD,2026-03-25T11:00:00
1099,1099,2,3,2026-03-25,TRAIL,0.003,5.73,USD,2026-03-25T11:00:00
1100,1100,1,2,2026-03-25,TRAIL,0.005,240.72,USD,2026-03-25T11:00:00
1101,1101,1,3,2026-03-25,TRAIL,0.005,155.53,USD,2026-03-25T11:00:00
1102,1102,1,3,2026-03-25,TRAIL,0.003,79.77,USD,2026-03-25T11:00:00
1103,1103,2,1,2026-03-25,TRAIL,0.005,192.55,USD,2026-03-25T11:00:00
1104,1104,1,1,2026-03-25,TRAIL,0.004,169.81,USD,2026-03-25T11:00:00
1105,1105,2,1,2026-03-25,TRAIL,0.0025,76.15,USD,2026-03-25T11:00:00
1106,1106,1,1,2026-03-25,TRAIL,0.005,200.28,USD,2026-03-25T11:00:00
1107,1107,2,2,2026-03-25,TRAIL,0.004,181.51,USD,2026-03-25T11:00:00
1108,1108,2,2,2026-03-26,TRAIL,0.0025,36.53,USD,2026-03-26T11:00:00
1109,1109,3,2,2026-03-26,TRAIL,0.004,14.84,USD,2026-03-26T11:00:00
1110,1110,2,2,2026-03-26,TRAIL,0.004,180.51,USD,2026-03-26T11:00:00
1111,1111,2,3,2026-03-26,TRAIL,0.003,61.34,USD,2026-03-26T11:00:00
1112,1112,2,1,2026-03-26,TRAIL,0.004,102.05,USD,2026-03-26T11:00:00
1113,1113,2,1,2026-03-26,TRAIL,0.004,27.97,USD,2026-03-26T11:00:00
1114,1114,2,3,2026-03-26,TRAIL,0.005,188.35,USD,2026-03-26T11:00:00
1115,1115,1,1,2026-03-26,TRAIL,0.005,57.46,USD,2026-03-26T11:00:00
1116,1116,3,3,2026-03-26,TRAIL,0.0025,67.85,USD,2026-03-26T11:00:00
1117,1117,1,3,2026-03-26,TRAIL,0.003,103.36,USD,2026-03-26T11:00:00
1118,1118,2,3,2026-03-27,TRAIL,0.0025,40.25,USD,2026-03-27T11:00:00
1119,1119,1,3,2026-03-27,TRAIL,0.003,11.04,USD,2026-03-27T11:00:00
1120,1120,3,3,2026-03-27,TRAIL,0.0025,80.77,USD,2026-03-27T11:00:00
1121,1121,2,1,2026-03-27,TRAIL,0.005,100.18,USD,2026-03-27T11:00:00
1122,1122,3,2,2026-03-27,TRAIL,0.003,123.94,USD,2026-03-27T11:00:00
1123,1123,2,2,2026-03-27,TRAIL,0.005,220.47,USD,2026-03-27T11:00:00
1124,1124,3,2,2026-03-27,TRAIL,0.005,206.68,USD,2026-03-27T11:00:00
1125,1125,1,2,2026-03-27,TRAIL,0.0025,43.26,USD,2026-03-27T11:00:00
1126,1126,2,3,2026-03-27,TRAIL,0.004,17.01,USD,2026-03-27T11:00:00
1127,1127,2,3,2026-03-27,TRAIL,0.005,17.76,USD,2026-03-27T11:00:00
1128,1128,2,1,2026-03-27,TRAIL,0.0025,27.01,USD,2026-03-27T11:00:00
1129,1129,3,1,2026-03-27,TRAIL,0.003,107.89,USD,2026-03-27T11:00:00
1130,1130,2,3,2026-03-27,TRAIL,0.003,141.09,USD,2026-03-27T11:00:00
1131,1131,1,3,2026-03-28,TRAIL,0.0025,42.63,USD,2026-03-28T11:00:00
1132,1132,3,2,2026-03-28,TRAIL,0.003,131.83,USD,2026-03-28T11:00:00
1133,1133,2,1,2026-03-28,TRAIL,0.0025,81.77,USD,2026-03-28T11:00:00
1134,1134,2,1,2026-03-28,TRAIL,0.005,213.7,USD,2026-03-28T11:00:00
1135,1135,2,2,2026-03-28,TRAIL,0.0025,119.86,USD,2026-03-28T11:00:00
1136,1136,3,3,2026-03-28,TRAIL,0.005,194.47,USD,2026-03-28T11:00:00
1137,1137,3,1,2026-03-28,TRAIL,0.004,41.35,USD,2026-03-28T11:00:00
1138,1138,1,3,2026-03-28,TRAIL,0.003,22.14,USD,2026-03-28T11:00:00
1139,1139,1,3,2026-03-28,TRAIL,0.003,64.49,USD,2026-03-28T11:00:00
1140,1140,2,2,2026-03-28,TRAIL,0.003,37.62,USD,2026-03-28T11:00:00
1141,1141,1,3,2026-03-28,TRAIL,0.003,70.35,USD,2026-03-28T11:00:00
1142,1142,1,3,2026-03-28,TRAIL,0.005,56.99,USD,2026-03-28T11:00:00
1143,1143,3,1,2026-03-29,TRAIL,0.003,11.64,USD,2026-03-29T11:00:00
1144,1144,2,2,2026-03-29,TRAIL,0.0025,117.57,USD,2026-03-29T11:00:00
1145,1145,3,2,2026-03-29,TRAIL,0.004,78.66,USD,2026-03-29T11:00:00
1146,1146,2,3,2026-03-29,TRAIL,0.005,48.95,USD,2026-03-29T11:00:00
1147,1147,3,2,2026-03-29,TRAIL,0.003,49.65,USD,2026-03-29T11:00:00
1148,1148,3,1,2026-03-29,TRAIL,0.004,195.79,USD,2026-03-29T11:00:00
1149,1149,1,2,2026-03-29,TRAIL,0.004,59.45,USD,2026-03-29T11:00:00
1150,1150,3,2,2026-03-29,TRAIL,0.005,45.42,USD,2026-03-29T11:00:00
1151,1151,3,1,2026-03-29,TRAIL,0.005,231.1,USD,2026-03-29T11:00:00
1152,1152,3,1,2026-03-29,TRAIL,0.004,49.05,USD,2026-03-29T11:00:00
1153,1153,2,3,2026-03-29,TRAIL,0.005,33.43,USD,2026-03-29T11:00:00
1154,1154,3,2,2026-03-29,TRAIL,0.005,178.71,USD,2026-03-29T11:00:00
1155,1155,3,3,2026-03-29,TRAIL,0.004,28.24,USD,2026-03-29T11:00:00
1156,1156,1,1,2026-03-29,TRAIL,0.003,123.92,USD,2026-03-29T11:00:00
1157,1157,2,1,2026-03-29,TRAIL,0.0025,72.42,USD,2026-03-29T11:00:00
1158,1158,2,2,2026-03-29,TRAIL,0.0025,111.2,USD,2026-03-29T11:00:00
1159,1159,3,2,2026-03-29,TRAIL,0.003,142.83,USD,2026-03-29T11:00:00
1160,1160,1,2,2026-03-30,TRAIL,0.004,133.27,USD,2026-03-30T11:00:00
1161,1161,2,3,2026-03-30,TRAIL,0.005,242.59,USD,2026-03-30T11:00:00
1162,1162,1,3,2026-03-30,TRAIL,0.003,136.31,USD,2026-03-30T11:00:00
1163,1163,1,1,2026-03-30,TRAIL,0.0025,37.16,USD,2026-03-30T11:00:00
1164,1164,2,3,2026-03-30,TRAIL,0.005,102.72,USD,2026-03-30T11:00:00
1165,1165,1,1,2026-03-30,TRAIL,0.004,35.94,USD,2026-03-30T11:00:00
1166,1166,2,3,2026-03-30,TRAIL,0.004,62.52,USD,2026-03-30T11:00:00
1167,1167,1,3,2026-03-30,TRAIL,0.003,100.83,USD,2026-03-30T11:00:00
1168,1168,1,2,2026-03-31,TRAIL,0.005,142.95,USD,2026-03-31T11:00:00
1169,1169,1,3,2026-03-31,TRAIL,0.004,127.61,USD,2026-03-31T11:00:00
1170,1170,2,3,2026-03-31,TRAIL,0.005,173.13,USD,2026-03-31T11:00:00
1171,1171,3,3,2026-03-31,TRAIL,0.0025,12.79,USD,2026-03-31T11:00:00
1172,1172,2,2,2026-03-31,TRAIL,0.003,21.79,USD,2026-03-31T11:00:00
1173,1173,3,2,2026-03-31,TRAIL,0.0025,8.35,USD,2026-03-31T11:00:00
1174,1174,3,1,2026-03-31,TRAIL,0.004,84.95,USD,2026-03-31T11:00:00
1175,1175,3,2,2026-03-31,TRAIL,0.005,193.32,USD,2026-03-31T11:00:00
1176,1176,1,1,2026-03-31,TRAIL,0.004,12.87,USD,2026-03-31T11:00:00
1177,1177,1,3,2026-03-31,TRAIL,0.004,152.44,USD,2026-03-31T11:00:00
1178,1178,3,1,2026-03-31,TRAIL,0.004,19.33,USD,2026-03-31T11:00:00
1179,1179,1,1,2026-03-31,TRAIL,0.0025,4.69,USD,2026-03-31T11:00:00
1180,1180,2,3,2026-03-31,TRAIL,0.005,174.49,USD,2026-03-31T11:00:00
1181,1181,2,3,2026-03-31,TRAIL,0.005,156.1,USD,2026-03-31T11:00:00
1182,1182,2,1,2026-03-31,TRAIL,0.0025,4.2,USD,2026-03-31T11:00:00
